시도,시군구,시설명,주소,전화번호,팩스번호,홈페이지 주소,주차대수,공-사설 구분,최초안치기간,연장가능년,연장가능횟수,식당,매점,주차장,유족대기실,장애인편의시설
서울특별시,강남구,강남구추모의집,충청북도 음성군 금왕읍 덕금로 936-61 (용계리),043-881-4700,,www.yeaeunpark.com,0,공설,15,5,3,미설치,설치,설치,설치,미설치
서울특별시,강동구,강동구추모의집,충청북도 음성군 금왕읍 덕금로 936-61 (용계리),043-881-4700,,www.yeaeunpark.com/,0,공설,15,30,3,미설치,미설치,설치,설치,미설치
서울특별시,광진구,광진구추모의집,경기도 화성시 만세구 향남읍 서봉로755번길 17-15 (동오리),031-354-2325,,http://seoulskypark.co.kr/,200,공설,15,5,3,미설치,설치,설치,미설치,설치
서울특별시,은평구,구파발성당 성요셉관,"서울특별시 은평구 진관2로 29-16 (진관동, 구파발성당)",02-389-1501,,mygupabal.or.kr,36,사설,20,20,1,미설치,미설치,설치,미설치,미설치
서울특별시,동작구,노들하늘공원(동작구추모의집),경기도 화성시 만세구 향남읍 서봉로755번길 17-15 (동오리),031-354-2325,,http://seoulskypark.co.kr/,200,공설,15,5,3,미설치,설치,설치,미설치,설치
서울특별시,강남구,능인불교선양원봉안당,"서울특별시 강남구 양재대로 340 (개포동, 능인선원)",02-577-5800,,,0,사설,0,0,0,미설치,미설치,미설치,미설치,미설치
서울특별시,동작구,달마사봉안당,"서울특별시 동작구 서달로 50-26 (흑석동, 달마사)",02-822-8771,,www.dalmasa.org,30,사설,99,99,99,설치,미설치,설치,설치,미설치
서울특별시,관악구,대한불교조계종관음사,서울특별시 관악구 승방1길 109-80 (남현동),02-582-8609,,,0,사설,0,0,0,미설치,미설치,미설치,미설치,미설치
서울특별시,도봉구,도봉구추모의집,경기도 화성시 만세구 향남읍 서봉로755번길 17-15 (동오리),031-354-2325,,http://seoulskypark.co.kr/,200,공설,15,5,3,미설치,설치,설치,미설치,설치
서울특별시,동대문구,동대문구추모의집,충청북도 음성군 금왕읍 덕금로 936-61 (용계리),043-881-4700,,,0,공설,15,5,3,설치,설치,설치,설치,설치
서울특별시,서대문구,봉원사,"서울특별시 서대문구 봉원사길 120 (봉원동, 봉원사)",02-392-3007,,www.bongwonsa.or.kr,20,사설,30,0,0,미설치,미설치,설치,설치,미설치
서울특별시,마포구,부활의집,"서울특별시 마포구 토정로 6-1(합정동, 절두산순교박물관영상교육)",070-8282-8223,,,0,사설,0,0,0,미설치,미설치,미설치,미설치,미설치
서울특별시,서대문구,서대문구추모의집,충청북도 음성군 금왕읍 덕금로 936-61 (용계리),043-881-4700,,www.yeaeunpark.com,500,공설,15,5,3,설치,설치,설치,설치,설치
서울특별시,서울특별시,서울시립승화원 추모의집,경기도 고양시 덕양구 통일로 504 (대자동),031-960-0236,031-964-8772,https://www.sisul.or.kr/open_content/memorial/,154,공설,15,5,3,설치,설치,설치,설치,설치
서울특별시,성동구,성동구추모의집,경기도 화성시 만세구 향남읍 서봉로755번길 17-15 (동오리),031-354-2325,,http://www.skypark.co.kr/,200,공설,15,5,3,미설치,설치,설치,미설치,설치
서울특별시,성북구,성북구추모의집,경기도 화성시 만세구 향남읍 서봉로755번길 17-15 (동오리),031-354-2325,,http://skypark2002.cafe24.com/smpark/seongbuk/standard.asp,200,공설,15,5,3,미설치,설치,설치,미설치,설치
서울특별시,관악구,약수사 봉안당,"서울특별시 관악구 약수암1길 28 (신림동, 약수사)",02-877-7514,,,0,사설,0,0,0,미설치,미설치,미설치,미설치,미설치
서울특별시,서울특별시,용미리건물식추모의집,"경기도 파주시 광탄면 진지로 151 (용미리, 추모의집)",031-943-3937,,https://www.sisul.or.kr/open_content/memorial/,0,공설,15,5,3,설치,설치,설치,설치,설치
서울특별시,서울특별시,용미리벽식추모의집,"경기도 파주시 광탄면 명봉산로262번길 290 (용미리, 용미1리1묘지공원안내실)",031-943-1930,,www.memorial-zone.or.kr,0,공설,15,5,3,설치,설치,설치,설치,설치
서울특별시,서울특별시,용미리분묘형추모의집,"경기도 파주시 광탄면 명봉산로262번길 290 (용미리, 용미1리1묘지공원안내실)",031-943-1930,,https://www.sisul.or.kr/open_content/memorial/,0,공설,15,5,3,미설치,미설치,설치,설치,설치
서울특별시,서울특별시,용미리왕릉벽식추모의집,"경기도 파주시 광탄면 명봉산로262번길 290 (용미리, 용미1리1묘지공원안내실)",031-943-1930,,https://www.sisul.or.kr/open_content/memorial/,0,공설,15,5,3,미설치,미설치,설치,설치,설치
서울특별시,용산구,용산성당 베다니아의집,"서울특별시 용산구 효창원로15길 37 (산천동, 용산천주교회)",02-719-3301,,www.yongsanch.or.kr,30,사설,15,0,0,미설치,미설치,설치,미설치,미설치
서울특별시,서초구,정각사 봉안당,"서울특별시 서초구 과천대로 786 (방배동, 정각사)",02-584-1983,,https://jeonggaksa.co.kr/,50,사설,99,99,0,미설치,미설치,설치,설치,미설치
서울특별시,종로구,종로구추모의집,경기도 화성시 만세구 향남읍 서봉로755번길 17-15 (동오리),031-354-2325,,http://skypark2002.cafe24.com/smpark/jongno/standard.asp,200,공설,15,5,3,미설치,설치,설치,미설치,설치
서울특별시,중구,중구추모의집,경기도 화성시 만세구 향남읍 서봉로755번길 17-15 (동오리),031-354-2325,,http://seoulskypark.co.kr/,200,공설,15,5,3,미설치,설치,설치,미설치,설치
서울특별시,구로구,천주교회 구로3동 성당 봉안당,"서울특별시 구로구 디지털로27길 82 (구로동, 구로3동천주교회)",02-857-8541,,,0,사설,0,0,0,미설치,미설치,미설치,미설치,미설치
서울특별시,서대문구,한국불교태고종 백련사봉안당,"서울특별시 서대문구 백련사길 170-72 (홍은동, 백련사)",02-302-0288,,,20,사설,99,99,99,미설치,미설치,설치,미설치,미설치
서울특별시,동작구,흑석동성당 평화의쉼터,"서울특별시 동작구 흑석로13길 3 (흑석동, 흑석동천주교회)",02-816-2919,,,0,사설,0,0,0,미설치,미설치,설치,미설치,미설치
서울특별시,은평구,흥창사,"서울특별시 은평구 통일로 1093 (진관동, 흥창사)",02-356-9075,,www.hungchangsa.com,20,사설,99,0,0,미설치,미설치,설치,설치,미설치
부산광역시,기장군,(재)실로암공원묘원 봉안묘,"부산광역시 기장군 철마면 사등길 181 (고촌리, 실로암공원묘원관리사무소)",051-721-5115,,,0,사설,0,0,0,미설치,미설치,미설치,미설치,미설치
부산광역시,기장군,대정공원묘원 봉안묘,"부산광역시 기장군 정관읍 양수길 76 (용수리, 대정공원묘원관리소)",051-728-4949,,,0,사설,0,0,0,설치,설치,설치,미설치,미설치
부산광역시,기장군,메모리얼펠리스추모관(실로암),"부산광역시 기장군 철마면 사등길 181 (고촌리, 실로암공원묘원관리사무소)",051-722-5115,051-722-1268,www.siloami.com,0,사설,99,99,99,미설치,설치,설치,미설치,설치
부산광역시,기장군,백운공원묘원 제1묘원,부산광역시 기장군 정관읍 정관로 165 (두명리),051-508-2934,,,0,사설,0,0,0,미설치,미설치,설치,미설치,미설치
부산광역시,기장군,백운공원묘원 제2묘원,"부산광역시 기장군 정관읍 양수1길 17-5 (모전리, 백운묘원관리소)",051-727-3188,,,0,사설,0,0,0,미설치,미설치,설치,설치,미설치
부산광역시,금정구,부산영락공원 봉안당,부산광역시 금정구 금정도서관로 108 (두구동),051-790-5000,051-508-6024,https://yeongnakpark.bisco.or.kr/yeongnakpark/index.asp,132,공설,15,5,3,설치,설치,설치,설치,설치
부산광역시,금정구,부산영락공원 제2영락원,"부산광역시 금정구 금정도서관로 108 (두구동, 영락공원)",051-790-5000,051-508-6024,,0,공설,0,0,0,미설치,미설치,미설치,미설치,미설치
부산광역시,금정구,부산영락공원 제3영락원,"부산광역시 금정구 금정도서관로 58 (두구동, 제3영락원)",051-790-5000,051-508-6024,,0,공설,0,0,0,미설치,미설치,미설치,미설치,미설치
부산광역시,기장군,부산추모공원 봉안당,"부산광역시 기장군 정관읍 정관로 225 (두명리, 부산추모공원)",051-790-5100,,https://memorialpark.bisco.or.kr/memorialpark/index.asp,511,공설,15,5,3,미설치,설치,설치,설치,미설치
부산광역시,기장군,부산추모공원 봉안묘·담,"부산광역시 기장군 정관읍 정관로 225 (두명리, 부산추모공원)",051-790-5100,,https://memorialpark.bisco.or.kr/memorialpark/index.asp,0,공설,0,0,0,미설치,미설치,미설치,미설치,미설치
부산광역시,기장군,소원사,"부산광역시 기장군 정관읍 정관중앙로 198 (용수리, 소원사)",051-727-3050,,,50,사설,0,0,0,미설치,설치,설치,미설치,미설치
부산광역시,기장군,은진사 봉안당,"부산광역시 기장군 장안읍 고무로 271-47 (길천리, 은진사)",051-727-7668,,,0,사설,0,0,0,미설치,미설치,미설치,미설치,미설치
부산광역시,연제구,정수사,부산광역시 연제구 톳고개로 60 (연산동),051-758-6022,,,80,사설,"9,999",99,0,미설치,미설치,설치,설치,미설치
부산광역시,동구,화엄사,부산광역시 동구 구봉중길 48-10 (초량동),051-468-8080,,www.skybok.kr,30,사설,0,0,0,설치,미설치,설치,설치,미설치
대구광역시,군위군,(재)신세계공원묘원 봉안묘·담,대구광역시 군위군 효령면 녹동길 129-190 (장군리),054-382-5250,054-382-9818,,0,사설,0,0,0,미설치,미설치,설치,미설치,미설치
대구광역시,군위군,가톨릭군위묘원 봉안담,대구광역시 군위군 군위읍 용대2길 258 (용대리),053-250-3000,,,100,사설,30,30,99,설치,미설치,설치,미설치,미설치
대구광역시,군위군,가톨릭군위묘원 성모의정원,대구광역시 군위군 군위읍 용대2길 258 (용대리),053-250-3000,,,0,사설,99,99,99,설치,미설치,설치,미설치,미설치
대구광역시,남구,극락사추모공원,"대구광역시 남구 명덕로54길 31 (이천동, 서봉극락암)",053-473-2002,,,0,사설,0,0,0,미설치,미설치,설치,설치,미설치
대구광역시,대구광역시,대구광역시 낙산제2추모의집,경상북도 칠곡군 지천면 낙산로 87 (낙산리),053-312-0348,,,223,공설,10,10,2,미설치,미설치,설치,미설치,미설치
대구광역시,대구광역시,대구광역시 낙산추모의집,경상북도 칠곡군 지천면 낙산로 87 (낙산리),053-312-0348,,,223,공설,10,10,2,미설치,미설치,설치,미설치,미설치
대구광역시,달성군,대한불교조계종 광덕사,"대구광역시 달성군 가창면 헐티로 1190 (용계리, 광덕사)",053-763-0068,053-767-2266,,0,사설,0,0,0,미설치,미설치,미설치,미설치,미설치
대구광역시,남구,대한불교조계종 대관음사 봉안당,"대구광역시 남구 중앙대로 126, 한국불교대학 대관음사 (봉덕동)",053-474-8228,,,0,사설,0,0,0,미설치,미설치,미설치,미설치,미설치
대구광역시,달성군,덕안사 봉안당,"대구광역시 달성군 가창면 가창로216길 38 (용계리, 덕안사)",053-621-4444,,,0,사설,0,0,0,미설치,미설치,미설치,미설치,미설치
대구광역시,동구,동해사,대구광역시 동구 팔공산로292길 47 (백안동),053-981-3181,,,0,사설,0,0,0,미설치,미설치,미설치,미설치,미설치
대구광역시,남구,불광사 추모관,대구광역시 남구 명덕로32길 40 (대명동),053-656-6766,053-624-6766,,0,사설,0,0,0,미설치,미설치,미설치,미설치,미설치
대구광역시,군위군,실로암추모관,"대구광역시 군위군 효령면 용매로 1011-43 (고곡리, 실로암교회)",054-382-8845,,www.실로암추모관.com,0,사설,99,99,99,설치,미설치,설치,설치,미설치
대구광역시,동구,지장선원,"대구광역시 동구 갓바위로 35(진인동, 지장선원)",053-986-0151,,,0,사설,0,0,0,미설치,미설치,미설치,미설치,미설치
대구광역시,동구,팔공산도림사추모공원,대구광역시 동구 인산로 264 (진인동),053-986-1001,,www.803park.com,50,사설,99,99,99,미설치,미설치,설치,설치,설치
대구광역시,달성군,한국불교원각종 장수사,"대구광역시 달성군 옥포면 옥계길 16-1(본리리, 장수사)",053-615-9004,,,0,사설,0,0,0,설치,미설치,설치,설치,미설치
인천광역시,강화군,갑곶순교성지 천국의 문,"인천광역시 강화군 강화읍 해안동로1366번길 35 (갑곳리, 갑곶순교성지)",032-933-1525,,www.gabgot.com,50,사설,20,10,2,미설치,미설치,설치,설치,설치
인천광역시,강화군,강화파라다이스 강화지점,인천광역시 강화군 송해면 강화대로 879-16 (하도리),1599-9442,,www.prds.kr,300,사설,99,99,99,미설치,설치,설치,설치,설치
인천광역시,강화군,강화파라다이스 강화지점 봉안탑,인천광역시 강화군 송해면 강화대로 879-16 (하도리),032-934-4781,,,0,사설,0,0,0,미설치,미설치,미설치,미설치,미설치
인천광역시,강화군,교산리 무연고 봉안묘,인천광역시 강화군 양사면 교산리 산307,032-930-3114,,,0,공설,0,0,0,미설치,미설치,미설치,미설치,미설치
인천광역시,강화군,내리 무연고 봉안묘,인천광역시 강화군 화도면 내리 산18,032-930-3114,,,0,공설,0,0,0,미설치,미설치,미설치,미설치,미설치
인천광역시,미추홀구,석암산수도사 봉안당,"인천광역시 미추홀구 구월로8번길 36-7 (주안동, 수도사)",032-422-1479,,,0,사설,0,0,0,미설치,미설치,미설치,미설치,미설치
인천광역시,서구,송월교회 봉안묘·탑,인천광역시 서구 마전동 산72-1,032-765-7851,,,0,사설,0,0,0,미설치,미설치,미설치,미설치,미설치
인천광역시,남동구,약사사지장전추모관,인천광역시 남동구 풀무로 48 (간석동),032-429-4441,,,0,사설,0,0,0,미설치,미설치,미설치,미설치,미설치
인천광역시,강화군,예수사랑제일교회,"인천광역시 강화군 하점면 창후로 90-35 (창후리, 예수사랑제일교회)",02-6722-2500,,,200,사설,99,99,99,미설치,미설치,설치,설치,설치
인천광역시,강화군,온수리 무연고 봉안묘,인천광역시 강화군 길상면 온수리 산16,032-930-3114,,,0,공설,0,0,0,미설치,미설치,미설치,미설치,미설치
인천광역시,강화군,월곳리 무연고 봉안묘,인천광역시 강화군 강화읍 월곳리 산8,032-930-3114,,,100,공설,0,0,0,미설치,미설치,설치,미설치,미설치
인천광역시,부평구,인천가족공원 가족봉안담,"인천광역시 부평구 평온로 61 (부평동, 관리사무소및홍보관)",032-456-2320,,https://www.insiseol.or.kr/life/family/facility/cinerary.jsp,0,공설,0,0,0,미설치,미설치,미설치,미설치,미설치
인천광역시,인천광역시,인천가족공원 가족봉안묘,"인천광역시 부평구 평온로 61 (부평동, 관리사무소및홍보관)",032-456-2320,032-456-2323,https://www.insiseol.or.kr/life/family/,0,공설,0,0,0,미설치,미설치,미설치,미설치,미설치
인천광역시,부평구,인천가족공원 금마총,인천광역시 부평구 평온로 61 (부평동),032-456-2320,032-456-2324,www.insiseol.or.kr/life/family,0,공설,10,10,2,설치,설치,설치,설치,설치
인천광역시,부평구,인천가족공원 만월당,인천광역시 부평구 평온로 61 (부평동),032-456-2320,032-456-2324,www.insiseol.or.kr/life/family,63,공설,10,10,2,설치,설치,설치,설치,설치
인천광역시,부평구,인천가족공원 별빛당,인천광역시 부평구 평온로 61 (부평동),032-456-8950,,www.insiseol.or.kr/life/family,0,공설,30,0,0,설치,설치,설치,설치,설치
인천광역시,부평구,인천가족공원 봉안담,인천광역시 부평구 평온로 61 (부평동),032-456-2320,032-456-2324,www.insiseol.or.kr/life/family,0,공설,10,10,2,설치,설치,설치,설치,설치
인천광역시,인천광역시,인천가족공원 승화원 부속 봉안당,"인천광역시 부평구 평온로 61 (부평동, 관리사무소및홍보관)",032-456-2320,032-456-2323,https://www.insiseol.or.kr/life/family/,0,공설,0,0,0,미설치,미설치,미설치,미설치,미설치
인천광역시,부평구,인천가족공원 추모의집,인천광역시 부평구 평온로 61 (부평동),032-456-2320,032-456-2324,www.insiseol.or.kr/life/family,246,공설,10,10,2,설치,설치,설치,설치,설치
인천광역시,부평구,인천가족공원 평온당,인천광역시 부평구 평온로 61 (부평동),032-456-2320,032-456-2324,www.insiseol.or.kr/life/family,45,공설,30,10,2,설치,설치,설치,설치,설치
인천광역시,부평구,인천가족공원 호국봉안담,"인천광역시 부평구 평온로 61 (부평동, 관리사무소및홍보관)",032-456-2320,,https://www.insiseol.or.kr/life/family/facility/cinerary.jsp,0,공설,0,0,0,미설치,미설치,미설치,미설치,미설치
인천광역시,남동구,천주교 인천교구 고잔성당 몽은당,"인천광역시 남동구 논현고잔로128번길 32,고잔성당 (고잔동)",032-442-9174,,www.caincheon.or.kr,0,사설,20,10,2,미설치,미설치,미설치,미설치,미설치
인천광역시,서구,천주교 인천교구 하늘의문(봉안담),"인천광역시 서구 드림로 472 (당하동, 하늘의문묘지)",032-765-7251,,,0,사설,0,0,0,미설치,미설치,미설치,미설치,미설치
인천광역시,서구,천주교 인천교구 하늘의문(봉안당),"인천광역시 서구 드림로 472 (당하동, 하늘의문묘지)",032-765-7251,,https://haneul.caincheon.or.kr,35,사설,30,0,0,미설치,미설치,설치,미설치,미설치
인천광역시,연수구,흥륜사정토원,"인천광역시 연수구 청량로70번길 40-18,흥륜사 정토원 (동춘동)",032-834-1131,,www.jungtowon.co.kr,0,사설,99,99,99,미설치,설치,설치,설치,설치
광주광역시,광주광역시,광주영락공원 봉안묘·담,광주광역시 북구 효령동 100-2,062-572-4384,062-572-1702,https://www.cyberyoungrak.or.kr/cms/bbs/dk_content.php?ht_id=cyber_02_2,0,공설,0,0,0,미설치,미설치,미설치,미설치,미설치
광주광역시,북구,광주영락공원 제1추모관,"광주광역시 북구 영락공원로 170 (효령동, 영락공원)",062-572-4384,062-572-1702,www.cyberyoungrak.or.kr/cms/bbs/dk_content.php?ht_id=cyber_02_2,0,공설,0,0,0,설치,설치,설치,설치,미설치
광주광역시,북구,광주영락공원 제2추모관,"광주광역시 북구 영락공원로 171 (효령동, 영락공원)",062-572-4384,062-572-1702,https://www.cyberyoungrak.or.kr/cms/bbs/dk_content.php?ht_id=cyber_02_2,0,공설,0,0,0,미설치,미설치,미설치,미설치,미설치
광주광역시,동구,문빈정사 봉안당,"광주광역시 동구 증심사길 81 (운림동, 문빈정사)",062-228-0108,,,0,사설,0,0,0,미설치,미설치,미설치,미설치,미설치
광주광역시,북구,새로나추모관,"광주광역시 북구 동운로52번길 118 (동림동, (재)새로나추모관)",062-531-4444,,www.saerona-mp.com,55,사설,0,0,0,미설치,미설치,설치,설치,미설치
광주광역시,동구,해원정사,광주광역시 동구 분산길 100 (내남동),062-234-4576,,,0,사설,0,0,0,미설치,미설치,미설치,미설치,미설치
대전광역시,동구,(재)대전교구천주교회 산내공원묘원 봉안담,대전광역시 동구 삼괴동 274-6,044-270-3030,,,0,사설,0,0,0,미설치,미설치,미설치,미설치,미설치
대전광역시,유성구,녹야원추모관,대전광역시 유성구 현충원로 389-20 (구암동),042-824-0801,,www.녹야원추모관.kr,80,사설,99,99,99,설치,미설치,설치,설치,설치
대전광역시,서구,대전추모공원 가족묘원(봉안),대전광역시 서구 상보안윗길 160 (괴곡동),042-602-2500,042-602-2599,,418,공설,0,0,0,미설치,설치,설치,설치,설치
대전광역시,서구,대전추모공원 영락원,대전광역시 서구 상보안윗길 160 (괴곡동),042-602-2500,,www.djsiseol.or.kr/portal/sub040203.asp,418,공설,15,15,1,미설치,설치,설치,설치,설치
대전광역시,서구,대전추모공원 제2영락원,대전광역시 서구 상보안윗길 160 (괴곡동),042-602-2500,042-602-2500,www.djsiseol.or.kr/portal/sub040203.asp,418,공설,0,0,0,미설치,설치,설치,설치,설치
대전광역시,서구,대전추모공원 제3영락원,대전광역시 서구 상보안윗길 160 (괴곡동),042-602-2500,042-602-2500,www.djsiseol.or.kr/portal/sub040203.asp,418,공설,0,0,0,미설치,설치,설치,설치,설치
대전광역시,유성구,대한불교조계종 해운봉안당,대전광역시 유성구 북유성대로 487번길 130 (안산동),042-822-2377,,www.guamsa.org,120,사설,0,0,0,설치,미설치,설치,설치,미설치
대전광역시,서구,정안사,대전광역시 서구 사기점골길 195 (평촌동),053-472-4814,,,0,사설,0,0,0,미설치,미설치,미설치,미설치,미설치
울산광역시,울주군,대한불교조계종 천룡사납골당,울산광역시 울주군 웅촌면 웅촌로 720-5 (대복리),052-277-7062,052-277-7062,,0,사설,0,0,0,설치,미설치,설치,설치,미설치
울산광역시,중구,덕원사 추모관,울산광역시 중구 성동길 129-10 (성안동),052-716-1141,,www.deokwonsa.com,30,사설,0,0,0,설치,미설치,설치,설치,미설치
울산광역시,울산광역시,울산하늘공원 추모의집,울산광역시 울주군 삼동면 보삼길 550 (조일리),052-255-3800,052-255-3809,https://www.uic.or.kr/skypark/enshrine/enshrine01.do,419,공설,15,5,3,설치,설치,설치,설치,설치
울산광역시,남구,정토사 극락원,"울산광역시 남구 문수로217번길 15 (옥동, 정토사)",052-212-7000,,,50,사설,99,99,0,설치,미설치,설치,설치,미설치
세종특별자치시,세종특별자치시,세종시추모의집,세종특별자치시 전동면 전동로 538 (봉대리),044-850-1346,,,0,공설,0,0,0,미설치,미설치,설치,미설치,미설치
세종특별자치시,세종특별자치시,숲속의 부활의집,세종특별자치시 전동면 솔티로 615 (송성리),044-863-8537,,,0,사설,0,0,0,미설치,미설치,미설치,미설치,미설치
세종특별자치시,세종특별자치시,영평사 추모공원,"세종특별자치시   장군면 영평사길 124 (산학리, 영평사)",044-862-0015,,www.youngpyungsapark.co.kr,30,사설,99,99,99,설치,미설치,설치,설치,설치
세종특별자치시,세종특별자치시,은하수공원 달님의집(봉안담),"세종특별자치시 정안세종로 1527 (산울동, 은하수공원)",044-850-1340,044-863-0764,www.sjfmc.or.kr/eunhasu.do,0,공설,0,0,0,미설치,미설치,미설치,미설치,미설치
세종특별자치시,세종특별자치시,은하수공원 달님의집(봉안당),"세종특별자치시 정안세종로 1527 (산울동, 은하수공원)",044-850-1340,044-863-0764,www.sjfmc.or.kr/eunhasu.do,20,공설,15,15,1,설치,설치,설치,설치,설치
세종특별자치시,세종특별자치시,황룡사 봉안당,세종특별자치시 연동면 황우재길 22-17 (명학리),044-864-7000,,,0,사설,0,0,0,미설치,미설치,미설치,미설치,미설치
경기도,광주시,(재)미타불교원,경기도 광주시 용샘길 101 (목현동),031-763-0134,,www.mita.kr,100,사설,99,99,99,설치,설치,설치,설치,미설치
경기도,성남시 분당구,(재)분당메모리얼파크,경기도 성남시 분당구 새나리로 79 (야탑동),031-704-6508,031-702-5736,www.bmpark.co.kr,"15,000",사설,0,0,0,미설치,미설치,설치,미설치,미설치
경기도,용인시 처인구,(재)서울공원묘원 봉안담,"경기도 용인시 처인구 이동읍 백자로 41 (서리, 서울공원묘원사무실)",031-332-2444,,,0,사설,0,0,0,미설치,미설치,미설치,미설치,미설치
경기도,파주시,(재)서현추모공원,경기도 파주시 광탄면 명봉산로 277 (용미리),031-947-4114,,seohyunpark.com/,200,사설,99,99,99,설치,설치,설치,설치,설치
경기도,평택시,(재)서호추모공원,경기도 평택시 청북읍 고렴길 161-12 (고렴리),031-683-4505,,www.seohopark.kr,0,사설,0,0,0,설치,미설치,설치,설치,설치
경기도,광주시,(재)시안 가족추모공원(봉안),경기도 광주시 오포안로 17 (문형동),031-766-2894,,www.sianpark.co.kr,"1,500",사설,99,0,0,미설치,미설치,설치,설치,설치
경기도,안산시,(재)안양공원묘원,"경기도 안산시 상록구 오리골길 41 (양상동, 공동묘지관리소)",031-482-2949,,,0,사설,0,0,0,미설치,미설치,미설치,미설치,미설치
경기도,여주시,(재)여주세종추모공원 봉안당,경기도 여주시 흥천면 샘다리길 105 (흥천면  상대리  27-6) ,031-634-4960,,www.세종공원.co.kr,200,사설,99,99,99,미설치,미설치,설치,설치,설치
경기도,용인시 처인구,(재)용인공원(봉안담·묘),"경기도 용인시 처인구 모현면 새래로 158-33 (초부리, 용인공원묘지)",031-334-3484,,www.yongin-park.com,"2,000",사설,5,99,0,설치,설치,설치,미설치,미설치
경기도,용인시 처인구,(재)용인공원(아너스톤),"경기도 용인시 처인구 모현읍 새래로 158-33 (초부리, 용인공원묘지)",031-334-3484,,www.yongin-park.com,"2,000",사설,5,99,0,설치,설치,설치,설치,미설치
경기도,용인시 기흥구,(재)용인추모원,"경기도 용인시 기흥구 중부대로 972 (상하동, 재단법인용인추모원)",031-283-1601,,www.yich.co.kr,100,사설,99,99,99,미설치,설치,설치,설치,설치
경기도,고양시,(재)자하연 일산(봉안),경기도 고양시 일산동구 지영로 36-87 (지영동),031-977-8351,,www.jahayeon.com,0,사설,0,0,0,미설치,미설치,미설치,미설치,미설치
경기도,광주시,(재)자하연분당(봉안),경기도 광주시 오포읍 대명대길 57 (능평리),031-719-2780,,www.jahayeon.com,200,사설,99,99,99,미설치,미설치,설치,설치,설치
경기도,양평군,(재)자하연팔당(봉안),경기도 양평군 양서면 목왕로688번길 71 (목왕리),031-772-7102,,www.jahayeon.com,60,사설,0,0,0,미설치,설치,설치,미설치,미설치
경기도,포천시,(재)자하연포천(봉안),경기도 포천시 영중면 궁들길 84 (금주리),031-532-6534,,www.jahayeon.com,0,사설,99,99,99,미설치,미설치,설치,설치,미설치
경기도,이천시,(재)한국SGI이천평화공원,경기도 이천시 마장면 서이천로528번길 115 (목리),031-638-0871,,,200,사설,30,30,99,미설치,미설치,설치,설치,설치
경기도,광주시,(재)한남공원묘원(봉안),경기도 광주시 매자리길 185-22 (매산동),031-766-4278,,,0,사설,0,0,0,미설치,미설치,설치,설치,미설치
경기도,화성시,(재)효원가족공원,경기도 화성시 만세구 향남읍 서봉로755번길 17-15 (동오리),031-354-2325,031-354-2327,www.skypark.co.kr,200,사설,99,99,99,미설치,설치,설치,미설치,설치
경기도,화성시,(재)효원가족공원 봉안탑,경기도 화성시 만세구 향남읍 서봉로755번길 17-15 (동오리),031-354-2325,031-354-2327,,0,사설,0,0,0,미설치,미설치,미설치,미설치,미설치
경기도,고양시 일산동구,(주)청아공원,"경기도 고양시 일산동구 은마길 129 (설문동, 청아공원)",031-977-9911,,chungahpark.co.kr,"2,000",사설,99,99,99,설치,설치,설치,설치,설치
경기도,가평군,가평군공설봉안묘,경기도 가평군 북면 이곡리 산7,031-580-4264,,,0,공설,0,0,0,미설치,미설치,미설치,미설치,미설치
경기도,가평군,가평추모공원 봉안담,"경기도 가평군 가평읍 석봉로191번길 65-84 (읍내리, 가평추모공원)",031-580-2583,,https://www.gp.go.kr/portal/contents.do?key=2285,0,공설,0,0,0,미설치,미설치,미설치,미설치,미설치
경기도,양평군,갈월사 봉안탑,"경기도 양평군 양평읍 충신로324번길 64 (창대리, 갈월사)",031-774-7374,,,0,사설,0,0,0,미설치,미설치,미설치,미설치,미설치
경기도,양평군,갑산공원묘원,"경기도 양평군 양서면 건지미길 5 (양수리, 갑산공원묘원)",031-774-9348,,,0,사설,0,0,0,미설치,미설치,미설치,미설치,미설치
경기도,김포시,개운사 봉안당,경기도 김포시 월곶면 평화공원로 54-40 (개곡리),031-989-7687,,,0,사설,0,0,0,미설치,미설치,미설치,미설치,미설치
경기도,파주시,검단사 봉안당,"경기도 파주시 탄현면 필승로 292-33 (성동리, 검단사)",031-949-8729,,,0,사설,0,0,0,미설치,미설치,미설치,미설치,미설치
경기도,양주시,경신하늘뜰공원 봉안당,"경기도 양주시 남면 화합로430번길 98(경신리, 경신하늘뜰공원)",031-861-5791,,https://changucchin.yangju.go.kr/www/contents.do?key=503,10,공설,0,0,0,미설치,설치,설치,설치,설치
경기도,포천시,광릉 더 크레스트 봉안당,경기도 포천시 내촌면 부마로 341 (마명리),031-532-2520,031-534-3116,www.gmemorialpark.com/,0,사설,0,0,0,미설치,미설치,미설치,미설치,미설치
경기도,포천시,광릉추모공원 봉안묘,경기도 포천시 내촌면 부마로 341 (마명리),031-532-2520,031-534-3116,www.gmemorialpark.com,200,사설,99,99,99,설치,설치,설치,미설치,미설치
경기도,광명시,광명메모리얼파크,경기도 광명시 자경로 153 (일직동),02-2610-7380,,www.gmuc.co.kr/user/conn/memoFaq.do?pmn=23000,76,공설,15,15,2,미설치,미설치,설치,설치,미설치
경기도,광주시,광주공원묘원 봉안묘,경기도 광주시 매자리길 235 (매산동),031-762-0077,,,0,사설,0,0,0,미설치,미설치,미설치,미설치,미설치
경기도,화성시,구룡사 봉안묘,경기도 화성시 만세구 향남읍 범허리길 107-34 (상신리),,,,0,사설,0,0,0,미설치,미설치,미설치,미설치,미설치
경기도,용인시 처인구,구룡사추모공원,"경기도 용인시 처인구 이동읍 삼배울로92번길 30-6 (덕성리, 구룡사)",031-333-4006,,,0,사설,0,0,0,미설치,미설치,설치,설치,미설치
경기도,구리시,구리시공설묘지 무연고 봉안당,경기도 구리시 사노동 산175-20,031-550-2955,031-550-2955,,0,공설,0,0,0,미설치,미설치,미설치,미설치,미설치
경기도,구리시,구리시공설묘지 봉안묘,경기도 구리시 사노동 산175-20,031-550-2955,031-550-2955,,0,공설,0,0,0,미설치,미설치,미설치,미설치,미설치
경기도,김포시,금강사추모공원(봉안당),경기도 김포시 하성면 가금리 284-1,031-984-6544,031-984-6545,,0,사설,99,99,99,설치,미설치,설치,설치,설치
경기도,포천시,금호동성당 천보묘원(봉안),경기도 포천시 화합로 116 (동교동),031-541-0098,,kumho1.enk.co.kr,700,사설,99,0,0,설치,미설치,설치,미설치,미설치
경기도,김포시,김포시추모공원(봉안담),경기도 김포시 통진읍 애기봉로571번길 165 (귀전리83-4),031-983-3960,,https://www.guc.or.kr/rainbow/html/about/memorial_01.php,0,공설,15,15,2,미설치,미설치,설치,설치,미설치
경기도,김포시,김포연화사추모관,경기도 김포시 하성면 연화봉로 233 (후평리),031-988-3531,,,0,사설,0,0,0,미설치,미설치,미설치,미설치,미설치
경기도,여주시,남한강공원묘원(봉안),경기도 여주시 가남읍 송삼로 459-35 (금곡리),031-882-6689,,www.nhg.co.kr ,500,사설,0,0,0,설치,설치,설치,미설치,미설치
경기도,포천시,다보정사 안미원,경기도 포천시 창수면 옥수로262번길 98 (주원리),031-531-0561,,www.dabojs.co.kr,97,사설,99,99,99,미설치,미설치,설치,미설치,미설치
경기도,포천시,다보정사 안미원(봉안탑),경기도 포천시 창수면 옥수로262번길 98 (주원리),031-531-0561,,www.dabojs.kr,0,사설,0,0,0,미설치,미설치,미설치,미설치,미설치
경기도,안성시,대원사 봉안당,"경기도 안성시 공도읍 마정개나리길 16-15 (마정리, 대원사)",031-656-4841,,www.대원사.kr,20,사설,99,99,99,설치,미설치,설치,설치,미설치
경기도,양주시,대원정사 봉안당,경기도 양주시 장흥면 권율로309번길 317-214 (석현리),031-855-5501,,www.daewonjungsa.co.kr/,50,사설,0,0,0,설치,설치,설치,설치,미설치
경기도,양주시,대원정사 봉안탑·담,경기도 양주시 장흥면 권율로309번길 317-214 (석현리),031-855-5501,,www.daewonjungsa.co.kr,0,사설,0,0,0,미설치,미설치,미설치,미설치,미설치
경기도,양주시,대한불교덕성종 성보사 봉안당,경기도 양주시 백석읍 부흥로397번길 46 (연곡리),031-879-4691,,,0,사설,0,0,0,미설치,미설치,미설치,미설치,미설치
경기도,양주시,대한불교덕성종 성보사 봉안탑,경기도 양주시 백석읍 부흥로397번길 46 (연곡리),031-879-4691,,,0,사설,0,0,0,미설치,미설치,미설치,미설치,미설치
경기도,양주시,대한불교조계종 육지장사,경기도 양주시 백석읍 기산로471번길 190 (기산리),031-871-0101,,www.yukjijangsa.org/,50,사설,99,99,99,설치,미설치,설치,미설치,미설치
경기도,양평군,대한예수교장로회 노량진교회,"경기도 양평군 양서면 웃능골길 78 (복포리, 노량진교회기도원)",02-814-3425,,,0,사설,0,0,0,미설치,미설치,미설치,미설치,미설치
경기도,포천시,도성사 봉안당,경기도 포천시 화현면 화동로596번길 90 (화현리),031-533-8815,,,300,사설,99,99,99,설치,미설치,설치,설치,설치
경기도,포천시,도성사 봉안탑,경기도 포천시 화현면 화동로596번길 90 (화현리),031-533-8815,,,0,사설,0,0,0,미설치,미설치,미설치,미설치,미설치
경기도,이천시,동천교회 납골묘,경기도 이천시 설성면 설성로240번길 285 (장천리),02-831-0070,,,0,사설,0,0,0,미설치,미설치,미설치,미설치,미설치
경기도,화성시,동탄납골추모관,"경기도 화성시 동탄구 동탄기흥로 64-42 (송동, 법왕청)",050-2299-4444,,,0,사설,0,0,0,설치,미설치,설치,설치,미설치
경기도,파주시,동화경모공원(봉안),"경기도 파주시 탄현면 헤이리로 98 (법흥리, 동화경모공원)",031-945-3226,,donghwapark.co.kr/,0,사설,0,0,0,설치,미설치,설치,설치,미설치
경기도,용인시 처인구,동화추모공원,경기도 용인시 처인구 백암면 한택로71번길 19 (옥산리),031-337-3324,,,0,사설,0,0,0,미설치,미설치,미설치,미설치,미설치
경기도,가평군,마라나타하늘정원,"경기도 가평군 가평읍 호반로 2424-22 (달전리, 오륜비전빌리지)",02-6413-1764,,www.maranathagh.co.kr,100,사설,30,30,1,설치,설치,설치,설치,설치
경기도,남양주시,모란공원(봉안),경기도 남양주시 화도읍 경춘로2110번길 8-102 (월산리),031-594-6362,,,0,사설,10,0,0,미설치,미설치,미설치,미설치,미설치
경기도,김포시,무지개 뜨는 언덕,"경기도 김포시 김포한강4로 419-39 (마산동, 무지개뜨는언덕)",031-997-1641,031-997-1643,https://www.guc.or.kr/rainbow/html/about/rainbow_01.php,113,공설,15,15,2,미설치,미설치,설치,미설치,미설치
경기도,구리시,밀알교회 CATACOMB,경기도 구리시 코스모스길215번길 96 (토평동),031-556-1005,,,300,사설,0,0,0,미설치,미설치,설치,설치,설치
경기도,가평군,백련사 봉안탑,"경기도 가평군 상면 샘골길 159-50 (연하리, 백련사)",031-585-3855,,www.baekryunsa.com/,50,사설,99,0,0,설치,미설치,설치,미설치,미설치
경기도,용인시 기흥구,백향목침례교회,"경기도 용인시 기흥구 보라하갈로 67 (하갈동, 보라제일교회)",031-286-2755,,,0,사설,0,0,0,미설치,미설치,미설치,미설치,미설치
경기도,고양시 덕양구,벽제중앙추모공원,경기도 고양시 덕양구 통일로414번길 196 (대자동),031-964-7799,,www.bjcmp.co.kr,50,사설,99,99,99,미설치,미설치,설치,미설치,설치
경기도,양평군,별그리다(THE WALL),경기도 양평군 양동면 양동금곡1길 331 (삼산리),031-333-1111,031-774-4710,www.star4ever.com,"1,300",사설,99,99,99,설치,미설치,설치,설치,설치
경기도,파주시,보광사 봉안당,경기도 파주시 광탄면 보광로474번길 87 (영장리),031-948-4440,,bogwangsa.co.kr/,0,사설,0,0,0,미설치,미설치,미설치,미설치,미설치
경기도,화성시,보명사 봉안탑,경기도 화성시 만세구 장안면 남양황라로 529-17 (장안리),031-358-5250,,,0,사설,0,0,0,미설치,미설치,미설치,미설치,미설치
경기도,안양시 만안구,보장사 영각당,경기도 안양시 만안구 예술공원로131번길 11 (석수동),031-471-3322,,www.bojangsa.co.kr,0,사설,0,0,0,미설치,미설치,미설치,미설치,미설치
경기도,남양주시,봉선사 봉안당,"경기도 남양주시 진접읍 봉선사길 30 (부평리, 봉선사)",031-527-1951,,www.bongsunsa.net,200,사설,30,99,99,설치,설치,설치,설치,미설치
경기도,성남시 분당구,봉안당 홈,경기도 성남시 분당구 판교로 808 (야탑동),031-776-1700,,www.home12.co.kr,0,사설,99,0,0,미설치,미설치,설치,설치,설치
경기도,광주시,분당스카이캐슬추모공원,"경기도 광주시 머루숯길 61-33 (신현동, 분당스카이캐슬추모공원)",031-712-2004,,www.skycastle.kr,200,사설,99,99,0,미설치,미설치,설치,설치,설치
경기도,광주시,분당추모공원휴,경기도 광주시 오포읍 오포로 211-49 (능평리),031-762-3000,,www.huepark.co.kr,220,사설,0,0,0,미설치,미설치,설치,설치,설치
경기도,용인시 처인구,불광사 지장전,경기도 용인시 처인구 백암면 박곡로208번길 24(박곡리),031-323-1207,,www.용인불광사.com,0,사설,0,0,0,설치,미설치,설치,설치,미설치
경기도,양평군,사랑의동산 ,"경기도 양평군 지평면 금의길 36-27 사랑의동산 (망미리, 양평금식기도원)",031-775-0096,,www.memorypark.org,100,사설,5,10,0,미설치,미설치,설치,설치,설치
경기도,광주시,삼성개발공원묘원(봉안),경기도 광주시 오포로 211-50 (능평동),031-766-4260,031-767-2483,www.elysium.co.kr,40,사설,99,99,99,미설치,미설치,설치,미설치,미설치
경기도,파주시,상락원 지장영묘전,"경기도 파주시 송화로 136 (야동동, 한국불교상락원)",031-941-3416,,www.sangrakwon.co.kr,0,사설,0,0,0,미설치,미설치,미설치,미설치,미설치
경기도,가평군,상락향 극락전,"경기도 가평군 청평면 남이터길 65 (대성리, 상락향수도원)",031-584-0657,,,30,사설,20,0,0,미설치,미설치,설치,미설치,미설치
경기도,가평군,상락향 봉안탑,"경기도 가평군 청평면 남이터길 65 (대성리, 상락향수도원)",031-584-0657,,,30,사설,20,0,0,미설치,미설치,설치,미설치,미설치
경기도,안성시,상월사 봉안당,경기도 안성시 양성면 천덕산로 919 (동항리),031-674-3542,,jkm9800.modoo.at,50,사설,99,99,99,설치,미설치,설치,설치,미설치
경기도,파주시,새문안추모관,경기도 파주시 광탄면 보광로 389 (영장리),031-937-8264,031-937-8265,www.saemoonan.org:586/church/Sub_08_06.aspx,20,사설,30,5,6,미설치,미설치,설치,설치,설치
경기도,양평군,새하늘공원,경기도 양평군 지평면 고재길 90 (곡수리),031-775-9544,,,0,사설,0,0,0,미설치,미설치,설치,설치,설치
경기도,가평군,서강대학교 봉안묘,"경기도 가평군 상면 청군로 1428-92 (원흥리, 서강대학교철우인성교육원)",031-585-3179,,,0,사설,0,0,0,미설치,미설치,미설치,미설치,미설치
경기도,의왕시,석예정사,경기도 의왕시 고천동 191-8,031-451-0653,,,0,사설,0,0,0,미설치,미설치,설치,설치,설치
경기도,가평군,설악그리쉼추모관,경기도 가평군 설악면 다락재로118번길 316 (회곡리),02-414-2311,,www.hvbc.kr,30,사설,99,99,0,미설치,미설치,설치,미설치,미설치
경기도,의왕시,성 라자로마을,"경기도 의왕시 원골로 66 (오전동, 성라자로마)",031-452-5655,,,0,사설,0,0,0,미설치,미설치,미설치,미설치,미설치
경기도,성남시 중원구,성남장례문화사업소 하늘누리 제1추모원,"경기도 성남시 중원구 순암로 787 (갈현동, 장례문화사업소)",031-754-2268,,www.seongnam.go.kr/city/1001267/10852/contents.do,0,공설,0,0,0,설치,설치,설치,설치,설치
경기도,성남시 중원구,성남장례문화사업소 하늘누리 제2추모원,"경기도 성남시 중원구 순암로 787 (갈현동, 장례문화사업소)",031-754-2268,,www.seongnam.go.kr/city/1001267/10852/contents.do,0,공설,0,0,0,미설치,미설치,설치,미설치,설치
경기도,가평군,성불사 자인당,"경기도 가평군 상면 봉수로 40-108 (봉수리, 성불사)",031-584-3668,,www.sungbulsa.co.kr,30,사설,0,0,0,미설치,미설치,설치,설치,설치
경기도,연천군,성아우구스띠노수도회 봉안시설,경기도 연천군 왕징면 왕산로 722 (동중리),031-834-1262,,,20,사설,0,30,1,미설치,미설치,설치,설치,미설치
경기도,연천군,수불사추모공원,"경기도 연천군 청산면 전영로215번길 153-16, 수불사추모공원 ",031-832-6222,,subulsa.kr/greeting,20,사설,99,99,99,미설치,미설치,설치,설치,설치
경기도,수원시 영통구,수원시연화장 봉안담,"경기도 수원시 영통구 광교호수로 278 (하동, 수원시연화장)",031-218-6524,,https://www.law.go.kr/자치법규/수원시연화장설치및운영조례/,0,공설,0,0,0,미설치,미설치,미설치,미설치,미설치
경기도,수원시 영통구,수원시연화장 제2추모의집,"경기도 수원시 영통구 광교호수로 278 (하동, 수원시연화장)",031-218-6524,,https://www.suwonudc.co.kr/suwonyhj/mainPage.do,0,공설,0,0,0,미설치,미설치,미설치,미설치,미설치
경기도,수원시 영통구,수원시연화장 추모의집,"경기도 수원시 영통구 광교호수로 278 (하동, 수원시연화장)",031-218-6524,,https://www.suwonudc.co.kr/suwonyhj/mainPage.do,400,공설,15,15,1,미설치,미설치,설치,미설치,설치
경기도,남양주시,신당동성당 소화묘원(봉안묘),"경기도 남양주시 조안면 다산로 363 (능내리, 천주교신당동교회)",031-576-1461,,,0,사설,0,0,0,미설치,미설치,미설치,미설치,미설치
경기도,안성시,안성시추모공원(봉안담),경기도 안성시 미양면 보촌4길 70 (고지리),031-677-9944,031-677-9966,www.asimc.or.kr/chumo/,155,공설,0,0,0,미설치,미설치,설치,설치,미설치
경기도,동두천시,안흥동공설묘지 봉안담,경기도 동두천시 안흥동 산62,031-860-2266,,,0,공설,0,0,0,미설치,미설치,미설치,미설치,미설치
경기도,용인시 처인구,약천사,"경기도 용인시 처인구 양지면 양지로63번길 9-18 (양지리, 약천사)",031-338-3362,,,30,사설,99,99,99,미설치,미설치,설치,설치,미설치
경기도,평택시,약천추모공원,경기도 평택시 도일로 164-118 (도일동),031-1811-8093,,www.약천추모관.net,100,사설,15,99,99,설치,설치,설치,설치,설치
경기도,양주시,양주추모공원,경기도 양주시 율정로 42-22 (옥정동),031-866-4440,,www.yangjupark.com,40,사설,99,99,99,미설치,미설치,설치,설치,미설치
경기도,김포시,양택공원묘지 봉안묘,경기도 김포시 하성면 양택리 109-6,031-980-2215,,,0,공설,0,0,0,미설치,미설치,미설치,미설치,미설치
경기도,양평군,양평군공설봉안시설,"경기도 양평군 양평읍 중앙로111번길 54 (공흥리, 쉼터공원관리사무실)",031-770-3027,031-770-3036,https://www.law.go.kr/자치법규/양평군장사시설의설치및운영조례,0,공설,0,0,0,미설치,미설치,미설치,미설치,미설치
경기도,양평군,양평추모공원 더포레,경기도 양평군 청운면 벗고갯길 45-20 (가현리),031-774-4415,,www.theforeyp.co.kr/,100,사설,99,0,0,미설치,미설치,설치,설치,설치
경기도,남양주시,에덴추모공원,경기도 남양주시 화도읍 수레로964번길 113-13 (차산리),031-572-0001,,www.edpk.co.kr,0,사설,99,99,99,미설치,미설치,설치,설치,미설치
경기도,여주시,여주추모공원 봉안담,경기도 여주시 가남읍 여주남로 769 (본두리),031-880-4061,031-887-2476,https://yeojuuc.or.kr/sub1/memorial/park.do,137,공설,15,15,2,미설치,설치,설치,미설치,미설치
경기도,김포시,연꽃피우는 행복도량 용문사,"경기도 김포시 월곶면 대곶로 570 (갈산리, 용문사)",031-984-5449,,,20,사설,30,30,99,미설치,미설치,미설치,설치,미설치
경기도,연천군,연천동막골추모관,경기도 연천군 연천읍 동막로 109-29 (동막리),031-834-6560,,WWW.연천동막골추모관.COM,10,사설,5,99,99,미설치,미설치,설치,설치,미설치
경기도,고양시 덕양구,연화추모공원,경기도 고양시 덕양구 성령길 2-1 (대자동),031-963-1141,,www.yeonhwapark.co.kr,0,사설,0,0,0,미설치,미설치,미설치,미설치,미설치
경기도,가평군,영은설악동산,"경기도 가평군 설악면 묵안로 575 (설곡리, 설악영은교회)",031-584-2775,,,0,사설,0,0,0,미설치,미설치,미설치,미설치,미설치
경기도,안성시,영평사 봉안당,경기도 안성시 보개면 신장길 79-42 (신장리),031-676-3960,,,0,사설,0,0,0,미설치,미설치,미설치,미설치,미설치
경기도,동두천시,예래원(봉안시설),경기도 동두천시 탑신로 668 (탑동동),031-867-8707,,www.erehwon.or.kr,200,사설,99,99,99,설치,설치,설치,설치,설치
경기도,고양시 덕양구,예원추모관,경기도 고양시 덕양구 통일로 502-1 (대자동),1544-4054,,www.e-yewon.co.kr,0,사설,99,0,0,미설치,미설치,설치,설치,설치
경기도,양평군,예진추모관,"경기도 양평군 양서면 건지미길 75 (양수리, 노적사)",031-771-9004,,www.가연추모관.com,30,사설,1,0,1,미설치,미설치,설치,설치,미설치
경기도,연천군,오봉사 봉안당,경기도 연천군 연천읍 현문로245번길 384 (고문리),031-834-2140,,www.obongsa.org,100,사설,0,0,0,미설치,미설치,설치,설치,미설치
경기도,연천군,오봉사 봉안묘,경기도 연천군 연천읍 현문로245번길 384 (고문리),031-834-2140,,www.obongsa.org,0,사설,0,0,0,미설치,미설치,미설치,미설치,미설치
경기도,의왕시,오봉산추모공원 봉안담,경기도 의왕시 고천동 191-6,031-452-4814,,,0,사설,0,0,0,미설치,미설치,미설치,미설치,미설치
경기도,의왕시,오봉산추모공원 봉안당,경기도 의왕시 고천동 191-6,031-452-4814,,,0,사설,0,0,0,미설치,미설치,미설치,미설치,미설치
경기도,오산시,오산시립봉안묘(무연고),경기도 오산시 가장동 산72-2,031-8036-8036,,,0,공설,0,0,0,미설치,미설치,미설치,미설치,미설치
경기도,오산시,오산시립쉼터공원,경기도 오산시 가장산업동로 69-21 (가장동),031-378-9681,,https://www.osan.go.kr/memorial/main.do,30,공설,15,10,3,미설치,미설치,설치,설치,설치
경기도,광주시,오향중흥교회 봉안당,경기도 광주시 곤지암읍 가마을길 83-19 (오향리),031-764-4005,,www.부활동산.com ,100,사설,99,99,99,미설치,미설치,설치,설치,설치
경기도,용인시,용인평온의숲(평온마루 봉안당),"경기도 용인시 처인구 이동면 평온의숲로 77 (어비리, 용인평온의숲)",031-329-5900,,https://www.tranquil-forest.or.kr/main_new/m02/2/,611,공설,15,5,3,설치,설치,설치,설치,미설치
경기도,용인시,용인평온의숲(평온마루 봉안묘·담),"경기도 용인시 처인구 이동읍 평온의숲로 77 (어비리, 용인평온의숲)",031-329-5900,,https://www.tranquil-forest.or.kr/main_new/m02/2/,0,공설,0,0,0,미설치,미설치,미설치,미설치,미설치
경기도,이천시,용학사 봉안당,"경기도 이천시 모가면 진상미로1067번길 271 (송곡리, 용학사)",031-632-4885,031-633-4252,yonghaksa.com,0,사설,99,99,0,미설치,미설치,미설치,미설치,미설치
경기도,양평군,운휴암 봉안당,"경기도 양평군 강하면 강하1로 612 (항금리, 운휴암)",031-775-1027,,,0,사설,0,0,0,미설치,미설치,미설치,미설치,미설치
경기도,동두천시,원흥사 납골탑,경기도 동두천시 광암로17번길 163-75 (광암동),031-867-3593,,,50,사설,99,99,99,설치,미설치,설치,설치,미설치
경기도,이천시,월봉사연화원,경기도 이천시 호법면 덕평로497번길 260 (매곡리),031-638-6796,,www.wolbongsa.com,20,사설,99,99,99,설치,미설치,설치,설치,미설치
경기도,고양시 덕양구,유일추모공원,경기도 고양시 덕양구 통일로 582 (대자동),031-962-4144,,youilpark.com,40,사설,99,0,0,미설치,설치,설치,설치,미설치
경기도,안성시,유토피아추모공원(헤리티지관),경기도 안성시 일죽면 화곡길 126 (화곡리),031-673-7904,031-674-7904,utopia.co.kr,150,사설,99,99,99,설치,설치,설치,미설치,설치
경기도,안성시,유토피아추모공원(헤리티지별관),경기도 안성시 일죽면 화곡길 93 (화곡리),031-673-7904,031-674-7904,utopia.co.kr,49,사설,0,0,0,미설치,미설치,설치,설치,설치
경기도,안성시,유토피아추모관,"경기도 안성시 일죽면 화곡길 130 (화곡리, 유토피아추모관)",031-673-7904,031-674-7904,www.goutopia.co.kr,500,사설,99,99,99,설치,설치,설치,설치,설치
경기도,의왕시,의왕하늘쉼터(봉안담),경기도 의왕시 오매기백운산길 41-57 (오전동),031-345-2831,,www.uiwang.go.kr/UWKORWEL0901,274,공설,15,10,3,미설치,미설치,설치,설치,설치
경기도,동두천시,이담추모공원,경기도 동두천시 탑신로 562 (탑동동),031-867-4491,,www.idampark.co.kr,30,사설,5,99,99,미설치,미설치,설치,설치,설치
경기도,이천시,이천시립 추모의집(봉안),경기도 이천시 백사면 지읍로53번길 159 (조읍리),031-637-7501,031-638-4145,www.2000fmc.or.kr,25,공설,15,15,3,미설치,미설치,설치,미설치,설치
경기도,고양시,일산푸른솔추모공원,경기도 고양시 일산동구 성현로 426-32 (문봉동),031-926-2304,031-926-2305,www.일산푸른솔.com,130,사설,99,0,0,미설치,미설치,설치,설치,설치
경기도,의정부시,자일동공설묘지 무연고 봉안당,"경기도 의정부시 호국로1694번길 30-70 (자일동, 의정부시자일동공설묘지)",031-828-4195,031-828-4189,,0,공설,0,0,0,미설치,미설치,미설치,미설치,미설치
경기도,이천시,재단법인 에덴낙원,경기도 이천시 마장면 서이천로 449-82 (목리),031-645-9191,031-633-8993,www.edenparadise.co.kr,50,사설,0,0,0,설치,설치,설치,설치,설치
경기도,고양시 일산동구,재단법인 일산장안추모공원,경기도 고양시 일산동구 백마로502번길 64-13 (풍동),031-903-6650,,www.janganpark.co.kr,120,사설,99,0,0,설치,미설치,설치,설치,설치
경기도,파주시,재단법인 통일로추모공원,"경기도 파주시 조리읍 명봉산로114번길 84 (장곡리, 통일로추모공원)",031-943-3501,031-944-6316,www.tongilro-park.co.kr,100,사설,99,99,99,미설치,설치,설치,설치,설치
경기도,남양주시,재단법인북한강공원,"경기도 남양주시 화도읍 모꼬지로17번길 202 (구암리, 북한강공원)",031-592-0081,,www.bhgpark.co.kr,0,사설,0,0,0,미설치,미설치,설치,미설치,미설치
경기도,양주시,재단법인조안공원양주지사,경기도 양주시 평화로1261번길 372-146 (산북동),031-856-3111,031-856-7111,www.haneulan.co.kr,200,사설,99,99,99,설치,설치,설치,미설치,미설치
경기도,남양주시,재단법인청림공원(봉안당),"경기도 남양주시 진건읍 사릉로156번길 295 (송능리, 봉인사)",031-527-5678,,,100,사설,99,99,99,설치,설치,설치,설치,설치
경기도,남양주시,재단법인청림공원(봉안탑),"경기도 남양주시 진건읍 사릉로156번길 295 (송능리, 봉인사)",031-527-5678,,,100,사설,99,0,0,설치,설치,설치,설치,설치
경기도,용인시 처인구,전통사찰95호 동도사,"경기도 용인시 처인구 이동읍 어진로 842, 동도사 (어비리)",031-333-7417,,,10,사설,99,99,99,미설치,미설치,설치,설치,미설치
경기도,파주시,조안공원,"경기도 파주시 조리읍 명봉산로 204(장곡리, 조안공원묘지관리실)",031-943-7476,,,0,사설,0,0,0,미설치,미설치,미설치,미설치,미설치
경기도,연천군,중앙추모공원(재단법인 현) 봉안시설,경기도 연천군 미산면 마유로 58-42 (백석리),031-833-7737,031-835-7737,www.하늘길.com,50,사설,99,0,99,미설치,미설치,설치,설치,미설치
경기도,화성시,천주교 비봉추모관,경기도 화성시 효행구 비봉면 화성로1946번길 26-11 (쌍학리),031-355-0191,,bb.catholic.or.kr,500,사설,99,10,99,설치,미설치,설치,설치,설치
경기도,포천시,천주교 서울대교구 평화묘원 봉안묘,경기도 포천시 화현면 영일로368번길 66 (지현리),031-532-9723,,,500,사설,30,30,3,설치,미설치,설치,설치,설치
경기도,안성시,천주교안성추모공원(봉안),경기도 안성시 보개면 보삼로 319-34 (북가현리),031-672-4276,031-673-9902,www.ampark.co.kr/index.php,0,사설,0,0,0,설치,설치,설치,미설치,미설치
경기도,용인시 처인구,천주교용인공원묘원(봉안),"경기도 용인시 처인구 모현면 오산로 154-62 (오산리, 천주교공원묘지)",031-334-0807,031-334-0854,yi.catholic.or.kr,300,사설,99,99,99,설치,미설치,설치,설치,설치
경기도,파주시,천주교평화의문,경기도 파주시 탄현면 성동로 111 (성동리),031-941-6805,,pu2046.kr,0,사설,20,10,99,미설치,미설치,미설치,미설치,미설치
경기도,가평군,청량교회 청량동산,경기도 가평군 청평면 양진길 104 (고성리),02-968-1162,02-960-2262,,10,사설,99,99,99,미설치,미설치,설치,설치,미설치
경기도,양주시,청련사 극락원,경기도 양주시 장흥면 권율로 169 (석현리),031-836-0827,,www.bluelotus-park.co.kr/,100,사설,99,0,0,설치,설치,설치,설치,설치
경기도,여주시,청운사 봉안당,"경기도 여주시 흥천면 부흥로 698 (귀백리, 청운사)",031-881-3371,,,100,사설,99,99,0,설치,미설치,설치,설치,미설치
경기도,고양시 덕양구,추모공원 하늘문,경기도 고양시 덕양구 보광로106번길 46 (벽제동),031-962-7579,031-964-1691,www.hi1009.com,100,사설,99,99,0,미설치,미설치,설치,설치,설치
경기도,파주시,크리스찬메모리얼파크,경기도 파주시 조리읍 홀작로 164 (오산리),031-957-1260,031-957-1441,www.fgcmp.com,120,사설,99,99,99,미설치,설치,설치,설치,설치
경기도,동두천시,탑동추모공원,경기도 동두천시 천보산로359번길 22 (탑동동),031-867-5760,,cafe.naver.com/topdongmemorialpark,50,사설,99,0,0,미설치,미설치,설치,설치,설치
경기도,파주시,파주추모공원 봉안당,경기도 파주시 파주읍 약수골길 67 (연풍리),031-954-1444,,www.pajupark.com,100,사설,99,0,0,미설치,미설치,설치,설치,설치
경기도,파주시,파주추모공원 봉안탑,경기도 파주시 파주읍 약수골길 86 (연풍리),031-952-4801,,www.pajupark.com,0,사설,0,0,0,미설치,미설치,미설치,미설치,미설치
경기도,평택시,평택시립추모공원,경기도 평택시 청북읍 청북로 457-6 (율북리),031-683-3939,,www.puc.or.kr/business/memorial_park.do,130,공설,15,10,3,미설치,설치,설치,설치,미설치
경기도,하남시,하남시 마루공원(봉안시설),경기도 하남시 하남대로545번길 22-30 (천현동),031-795-2222,031-795-0987,www.huic.co.kr/www/contents.do?key=103,154,공설,15,15,1,설치,설치,설치,미설치,설치
경기도,안산시,하늘공원(부곡동공설공원묘지),경기도 안산시 상록구 수인로 1824 (부곡동),031-481-3257,,,30,공설,15,15,2,미설치,미설치,설치,미설치,미설치
경기도,안성시,하늘문 봉안당,"경기도 안성시 양성면 미리내성지로 386-27 (미산리, 미리내실버타운)",031-671-0500,,,0,사설,0,0,0,미설치,미설치,미설치,미설치,미설치
경기도,의정부시,하늘의문(천주교 신곡2동성당),경기도 의정부시 금신로296번길 61 (신곡동),031-856-0191,,www.elife.or.kr,60,사설,15,15,99,미설치,미설치,설치,설치,설치
경기도,고양시 덕양구,해인사미타원,경기도 고양시 덕양구 대양로 84-80 (대자동),031-963-7588,,mitawon.or.kr,0,사설,0,0,99,미설치,미설치,설치,설치,미설치
경기도,남양주시,화광사 봉안당,"경기도 남양주시 화도읍 경춘로2192번길 107 (월산리, 대한불교화광사)",031-595-0977,,,0,사설,0,0,0,미설치,미설치,미설치,미설치,미설치
경기도,화성시,화성시추모공원 봉안당,"경기도 화성시 효행구 비봉면 주석로 545 (청요리, 화성시추모공원)",031-356-9272,,https://www.hu.or.kr/www/M040000/M040500/M0405003/M04050031.jsp,124,공설,15,15,1,미설치,설치,설치,설치,설치
경기도,화성시,화성시추모공원 봉안묘,"경기도 화성시 효행구 비봉면 주석로 545 (청요리, 화성시추모공원)",031-356-9272,031-356-9272,https://www.hu.or.kr/www/M040000/M040500/M0405003/M04050031.jsp,124,공설,0,0,0,미설치,미설치,설치,미설치,미설치
경기도,화성시,화성함백산추모공원 별빛쉼터,경기도 화성시 효행구 매송면 서해로 2448-32 (숙곡리),031-240-9200,031-240-9277,https://hbm.hu.or.kr/hambaeksan/main.do#,0,공설,15,15,1,미설치,미설치,설치,미설치,미설치
경기도,화성시,화성함백산추모공원 봉안담,경기도 화성시 효행구 매송면 서해로 2448-32 (숙곡리),031-240-9200,031-240-9277,,0,공설,0,0,0,미설치,미설치,미설치,미설치,미설치
강원특별자치도,춘천시,(재)경춘공원묘원 봉안당,강원특별자치도 춘천시 서면 노동길 181 (안보리),033-263-7300,,www.gyoungchun.com/,0,사설,5,5,99,설치,설치,설치,미설치,미설치
강원특별자치도,춘천시,(재)경춘공원묘원 봉안묘,강원특별자치도 춘천시 서면 노동길 181 (안보리),033-263-7300,,www.gyoungchun.com/,0,사설,0,0,0,미설치,미설치,미설치,미설치,미설치
강원특별자치도,원주시,(재)원주공원묘원 봉안당,강원특별자치도 원주시 귀래면 귀문로 599 (귀래리),033-765-0165,033-765-0165,,0,사설,0,0,0,미설치,미설치,미설치,미설치,미설치
강원특별자치도,춘천시,(주)광림공원 동산공원묘원(봉안),"강원특별자치도 춘천시 동산면 종자리로 331-50 (군자리, 춘천시공설묘원)",1577-9446,,www.dongsanpark.co.kr,0,사설,99,99,0,설치,설치,설치,설치,설치
강원특별자치도,춘천시,강촌추모원,강원특별자치도 춘천시 남산면 강촌길 31-29 (강촌리),033-261-0144,,,10,사설,0,0,0,미설치,미설치,설치,미설치,미설치
강원특별자치도,고성군,고성군추모의집,"강원특별자치도 고성군 죽왕면 공설묘원길 47 (가진리, 추모의집)",033-682-4448,033-680-3168,,0,공설,0,0,0,미설치,미설치,설치,설치,미설치
강원특별자치도,원주시,관음사 추모관,"강원특별자치도 원주시 행구로 533-3 (행구동, 관음사)",033-747-1311,,,0,사설,0,0,0,미설치,미설치,미설치,미설치,미설치
강원특별자치도,동해시,동해시하늘정원봉안당,"강원특별자치도 동해시 강원남부로 4589 (단봉동, 동해시하늘정원)",033-530-2894,033-530-2735,,0,공설,0,0,0,미설치,미설치,설치,설치,미설치
강원특별자치도,영월군,물미묘원 봉안당,강원특별자치도 영월군 주천면 솔치로 240-120 (신일리),033-374-4444,033-374-4445,,0,공설,0,0,0,미설치,미설치,미설치,미설치,미설치
강원특별자치도,삼척시,삼척시추모공원 봉안당,"강원특별자치도 삼척시 강원남부로 4541 (등봉동, 삼척시공원묘지)",033-574-7912,,www.samcheok.go.kr/memorial,50,공설,30,30,1,설치,미설치,설치,미설치,설치
강원특별자치도,속초시,속초시 제2추모의집,강원특별자치도 속초시 이목로 196 (노학동),033-635-7023,033-635-5023,,0,공설,0,0,0,미설치,미설치,미설치,미설치,미설치
강원특별자치도,속초시,속초시공설봉안묘,강원특별자치도 속초시 이목로 196 (노학동),033-635-7023,033-635-5023,,0,공설,0,0,0,미설치,미설치,미설치,미설치,미설치
강원특별자치도,속초시,속초시추모의집,강원특별자치도 속초시 이목로 196 (노학동),033-635-7023,033-635-5023,https://www.sokchosiseol.or.kr/biz/welfare.do,0,공설,15,15,2,설치,설치,설치,설치,미설치
강원특별자치도,영월군,솔치백합동산 봉안묘,강원특별자치도 영월군 주천면 신일리 산253,033-742-2170,,,30,사설,0,0,0,미설치,미설치,설치,미설치,미설치
강원특별자치도,춘천시,아름다운추모원,강원특별자치도 춘천시 옛경춘로 387-24 (칠전동),033-263-1668,033-263-1670,www.earumdaun.com,50,사설,0,0,0,미설치,미설치,설치,미설치,미설치
강원특별자치도,양구군,양구봉안공원 봉안담,강원특별자치도 양구군 양구읍 금강산로 518-40 (하리),033-480-2577,033-480-2577,,0,공설,0,0,0,미설치,미설치,미설치,미설치,미설치
강원특별자치도,양구군,양구봉안공원 봉안당,강원특별자치도 양구군 양구읍 금강산로 518-40 (하리),033-480-2577,,,30,공설,15,15,2,미설치,미설치,설치,미설치,미설치
강원특별자치도,양양군,양양군공설묘원 봉안당,강원특별자치도 양양군 양양읍 남대천로 251-123 (월리),033-670-2341,,,0,공설,0,0,0,미설치,미설치,설치,설치,미설치
강원특별자치도,홍천군,영원한도움의성모성전 납골당,강원특별자치도 홍천군 남면 물구비길 151 (신대리),,,,0,사설,0,0,0,미설치,미설치,미설치,미설치,미설치
강원특별자치도,원주시,운계사 봉안묘,강원특별자치도 원주시 귀래면 북원로 586-107 (운계리),033-763-6355,,,0,사설,0,0,0,미설치,미설치,미설치,미설치,미설치
강원특별자치도,춘천시,일월사추모공원(봉안탑),강원특별자치도 춘천시 남산면 봉의텃골길 149-10 (행촌리),033-243-3654,,,0,사설,0,0,0,미설치,미설치,미설치,미설치,미설치
강원특별자치도,정선군,정선하늘원,"강원특별자치도 정선군 여량면 서동로 3867-26 (남곡리, 정선하늘공원)",033-560-3437,,www.jsimc.or.kr/layout/basic/page/page2/page07.html,25,공설,15,15,3,설치,미설치,설치,설치,설치
강원특별자치도,정선군,정선하늘원 봉안묘,"강원특별자치도 정선군 여량면 서동로 3867-26 (남곡리, 정선하늘공원)",033-560-3437,033-560-3437,,0,공설,0,0,0,미설치,미설치,미설치,미설치,미설치
강원특별자치도,정선군,정선하늘터,강원특별자치도 정선군 사북읍 소금강로 3500-34 (사북리),033-560-3460,033-592-2847,www.jsimc.or.kr/layout/basic/page/page2/page06.html,16,공설,0,0,0,미설치,미설치,설치,설치,미설치
강원특별자치도,동해시,정심사 봉안당,"강원특별자치도 동해시 만우안길 5-3 (만우동, 정심사)",033-534-3956,,,0,사설,0,0,0,미설치,미설치,미설치,미설치,미설치
강원특별자치도,홍천군,천봉사 봉안당,강원특별자치도 홍천군 서면 팔봉산로 118 (대곡리),033-435-8941,,,0,사설,0,0,0,미설치,미설치,미설치,미설치,미설치
강원특별자치도,춘천시,천주교 춘천교구 부활성당 추모관,강원특별자치도 춘천시 신동면 김유정로 1727 (정족리),033-240-6022,,,0,사설,0,0,0,미설치,미설치,미설치,미설치,미설치
강원특별자치도,강릉시,청솔공원 봉안묘,강원특별자치도 강릉시 사천면 석교리 산162,033-660-3857,,,0,공설,0,0,0,미설치,미설치,설치,미설치,미설치
강원특별자치도,강릉시,청솔공원 영생의집,"강원특별자치도 강릉시 사천면 청솔공원길 334 (석교리, 청솔공원관리사무소)",033-660-3857,,https://www.gn.go.kr/www/contents.do?key=1168,100,공설,15,15,99,미설치,미설치,설치,설치,미설치
강원특별자치도,춘천시,춘천안식공원(봉안묘),"강원특별자치도 춘천시 동산면 종자리로 331-50 (군자리, 춘천시공설묘원)",033-263-6454,,https://www.cuc.or.kr/ansikPark.do,20,공설,30,30,1,설치,설치,설치,설치,설치
강원특별자치도,춘천시,춘천안식공원(안식의집),"강원특별자치도 춘천시 동산면 종자리로 331-50 (군자리, 춘천시공설묘원)",033-263-6454,,https://www.cuc.or.kr/ansikPark.do,10,공설,30,30,1,설치,설치,설치,설치,설치
강원특별자치도,태백시,태백시납골당,"강원특별자치도 태백시 백두대간로 844 (창죽동, 태백공동묘지)",033-550-2844,033-550-2961,https://www.taebaek.go.kr/www/contents.do?key=434,0,공설,30,15,2,설치,미설치,설치,미설치,미설치
강원특별자치도,태백시,태백시납골묘,"강원특별자치도 태백시 백두대간로 844 (창죽동, 태백공동묘지)",033-550-2844,033-550-2961,https://www.taebaek.go.kr/www/contents.do?key=434,0,공설,0,0,0,미설치,미설치,미설치,미설치,미설치
강원특별자치도,평창군,평창군 공설봉안당,"강원특별자치도 평창군 방림면 서동로 1741-36 (방림리, 평창공원묘지)",033-339-9026,,www.pcfmc.or.kr/facilities04,120,공설,30,30,1,설치,미설치,설치,미설치,미설치
강원특별자치도,평창군,평창군 공설봉안묘·담,"강원특별자치도 평창군 방림면 서동로 1741-36 (방림리, 평창공원묘지)",033-339-9026,,,0,공설,0,0,0,미설치,미설치,미설치,미설치,미설치
강원특별자치도,인제군,하늘내린 보금자리(가족12위),강원특별자치도 인제군 남면 자작나무숲길 444-62 (남전리),033-460-2056,,https://www.inje.go.kr/portal/field-info/welfare,0,공설,0,0,0,미설치,미설치,미설치,미설치,미설치
강원특별자치도,인제군,하늘내린 보금자리(가족8위),강원특별자치도 인제군 남면 자작나무숲길 444-62 (남전리),033-460-2056,,https://www.inje.go.kr/portal/field-info/welfare,0,공설,0,15,0,설치,설치,설치,설치,미설치
강원특별자치도,인제군,하늘내린 휴공원(개인단),강원특별자치도 인제군 남면 자작나무숲길 444-62 (남전리),033-460-2056,,https://www.inje.go.kr/portal/field-info/welfare,0,공설,15,15,2,설치,설치,설치,설치,미설치
강원특별자치도,인제군,하늘내린 휴공원(무연단),강원특별자치도 인제군 남면 자작나무숲길 444-62 (남전리),033-460-2056,,https://www.inje.go.kr/portal/field-info/welfare,0,공설,0,0,0,미설치,미설치,미설치,미설치,미설치
강원특별자치도,인제군,하늘내린 휴공원(부부단),강원특별자치도 인제군 남면 자작나무숲길 444-62 (남전리),033-460-2056,,https://www.inje.go.kr/portal/field-info/welfare,0,공설,15,15,2,설치,설치,설치,설치,미설치
강원특별자치도,원주시,하늘원추모관,"강원특별자치도 원주시 흥업면 사제로 539 (사제리, 하늘원장례예식장)",033-763-0999,,hanulwon.com,300,사설,99,0,0,설치,설치,설치,설치,미설치
강원특별자치도,영월군,혜운사 봉안탑,강원특별자치도 영월군 무릉도원면 두산길 665-26 (두산리),,,,0,사설,0,0,0,미설치,미설치,미설치,미설치,미설치
강원특별자치도,홍천군,홍천군공설묘원 봉안당,강원특별자치도 홍천군 홍천읍 느리울길 141-22 (하오안리),033-430-2106,,https://www.hongcheon.go.kr/www/contents.do?key=451,100,공설,15,15,3,설치,미설치,설치,설치,미설치
강원특별자치도,홍천군,홍천군공설묘원 봉안묘·담,강원특별자치도 홍천군 홍천읍 느리울길 141-22 (하오안리),033-430-2106,,https://www.law.go.kr/자치법규/홍천군장사시설설치및운영조례/,0,공설,0,0,0,미설치,미설치,미설치,미설치,미설치
강원특별자치도,화천군,화천공원묘원 봉안당,강원특별자치도 화천군 하남면 원천리 9-13,033-440-4556,,,0,공설,0,0,0,미설치,미설치,설치,미설치,미설치
강원특별자치도,화천군,화천공원묘원 봉안묘,"강원특별자치도 화천군 하남면 영서로 5697-69 (원천리, 화천공원묘원)",033-440-4556,,,0,공설,0,0,0,미설치,미설치,미설치,미설치,미설치
강원특별자치도,횡성군,횡성군공설추모공원 추모관,강원특별자치도 횡성군 갑천면 태기로구방8길 132 (구방리),033-340-2904,033-340-2552,,40,공설,15,60,3,미설치,미설치,설치,설치,미설치
강원특별자치도,원주시,휴마루,"강원특별자치도 원주시 흥업면 복술길 33 (사제리, 원주추모공원하늘나래원)",033-749-4870,,https://cms.wfmc.kr/web/lay1/S1T195C201/contents.do,70,공설,15,15,2,설치,설치,설치,설치,미설치
충청북도,제천시,(재)개나리추모공원 봉안담,충청북도 제천시 송학면 도화로 194 (도화리),043-642-4444,,,0,사설,0,0,0,미설치,미설치,미설치,미설치,미설치
충청북도,음성군,(재)대지공원묘원 봉안당,충청북도 음성군 생극면 오신로 504-63 (신양리),043-878-3854,,https://dmonster1355.cafe24.com/,0,사설,0,0,0,미설치,미설치,설치,미설치,미설치
충청북도,음성군,(재)대지공원묘원 봉안묘,충청북도 음성군 생극면 오신로 504-63 (신양리),043-878-3854,,,0,사설,0,0,0,미설치,미설치,미설치,미설치,미설치
충청북도,충주시,(재)생활불교 봉안당,충청북도 충주시 엄정면 향림길 314 (용산리),043-851-4114,,www.lifebuddhism.co.kr,0,사설,0,0,0,미설치,미설치,미설치,미설치,미설치
충청북도,충주시,(재)생활불교 봉안탑,충청북도 충주시 엄정면 향림길 314 (용산리),043-851-4114,,www.lifebuddhism.co.kr,0,사설,0,0,0,미설치,미설치,미설치,미설치,미설치
충청북도,제천시,(재)천주교원주교구 배론성지,충청북도 제천시 봉양읍 배론성지길 296 (구학리),043-651-4527,,www.baeron.or.kr/,300,사설,"2,005",30,1,미설치,미설치,설치,미설치,미설치
충청북도,보은군,결초보은 추모공원,충청북도 보은군 보은읍 속리산로 37 (누청리),043-542-1232,043-540-3809,,80,공설,30,30,1,미설치,미설치,설치,설치,미설치
충청북도,영동군,고당사 효자당,"충청북도 영동군 심천면 옥계폭포길 126 (고당리, 천국사)",043-742-5966,,,0,사설,0,0,0,미설치,미설치,미설치,미설치,미설치
충청북도,음성군,꽃동네 봉안묘(봉안담),충청북도 음성군 맹동면 원중로 1221 (통동리),043-879-0100,,,0,사설,99,99,99,미설치,미설치,설치,설치,미설치
충청북도,음성군,꽃동네 정진석센타(봉안당),충청북도 음성군 맹동면 원중로 1221 (통동리),043-872-0101,,,0,사설,99,99,99,미설치,미설치,설치,미설치,미설치
충청북도,청주시 상당구,늘푸른안식관,충청북도 청주시 상당구 미원면 운암계원로 189-29 (운암리),043-295-5004,,,0,사설,0,0,0,미설치,미설치,미설치,미설치,미설치
충청북도,옥천군,대한불교 조계종 보륜사 봉안당,충청북도 옥천군 군북면 감로길 55 (증약리),043-732-6545,,,150,사설,99,99,99,설치,미설치,설치,설치,설치
충청북도,청주시 서원구,대한불교정음사원,"충청북도 청주시 서원구 3순환로644번길 33 (죽림동, 대한불교정음사원)",043-233-0924,,www.kgf21.co.kr,50,사설,99,99,0,설치,미설치,설치,설치,미설치
충청북도,충주시,대한불교조계종 화암사,충청북도 충주시 동량면 화암양목길 139 (화암리),043-856-1895,,,100,사설,0,0,0,미설치,미설치,설치,미설치,미설치
충청북도,진천군,대한성공회유지재단 봉안시설,"충청북도 진천군 진천읍 문화3길 72 (교성리, 성공회)",043-533-2246,,,0,사설,0,0,0,미설치,미설치,미설치,미설치,미설치
충청북도,청주시,매화원,충청북도 청주시 상당구 가덕면 상장인차로 460 (청용리),043-251-3560,,www.cjsisul.or.kr/home/sub.do?menukey=272,0,공설,0,0,0,설치,설치,설치,미설치,미설치
충청북도,제천시,몽암사 봉안탑,충청북도 제천시 강저로15길 152 (강제동),,,,0,사설,0,0,0,미설치,미설치,미설치,미설치,미설치
충청북도,음성군,무지개추모공원 봉안당(다래원),충청북도 음성군 생극면 오신로445번길 77 (신양리),043-883-4449,,,0,사설,0,0,0,미설치,미설치,미설치,미설치,미설치
충청북도,음성군,무지개추모공원 봉안탑(다래원),충청북도 음성군 생극면 오신로445번길 77 (신양리),043-883-4449,,,0,사설,0,0,0,미설치,미설치,미설치,미설치,미설치
충청북도,음성군,미타사 봉안당,충청북도 음성군 소이면 소이로61번길 164 (비산리),043-873-0330,,,0,사설,0,0,0,미설치,미설치,미설치,미설치,미설치
충청북도,청주시,법왕청추모관,충청북도 청주시 상당구 미원면 단재로 2776 (쌍이리),,,,0,사설,0,0,0,미설치,미설치,미설치,미설치,미설치
충청북도,진천군,보현사 납골공원,"충청북도 진천군 초평면 초평로 1001 (화산리, 보현사)",043-532-6178,,bohyunsa.modoo.at/,50,사설,99,99,99,설치,미설치,설치,설치,미설치
충청북도,충주시,봉은사 봉안당,"충청북도 충주시 소태면 주치길 135-45 (오량리, 봉은사)",043-854-8120,,www.bongeun.co.kr/ ,30,사설,0,0,0,미설치,미설치,설치,미설치,미설치
충청북도,음성군,생극납골공원,충청북도 음성군 생극면 일생로 497-27 (관성리),080-231-4444,,www.charnelpark.com,200,사설,0,99,99,설치,설치,설치,설치,설치
충청북도,음성군,생극추모공원,충청북도 음성군 생극면 일생로 497-27 (관성리),080-345-4444,,www.charnelpark.com,200,사설,0,99,99,설치,설치,설치,설치,설치
충청북도,충주시,석종사,"충청북도 충주시 직동길 271-56 (직동, 석종사)",043-854-4505,,,50,사설,99,99,99,설치,미설치,설치,미설치,미설치
충청북도,진천군,성림사 연화납골당(봉안당),"충청북도 진천군 덕산읍 인화길 83 (산수리, 성림사)",043-536-4617,,sungrimsa.com,15,사설,99,99,0,미설치,미설치,미설치,미설치,미설치
충청북도,진천군,성림사 연화납골당(봉안탑),"충청북도 진천군 덕산읍 인화길 83 (산수리, 성림사)",043-536-4617,,,0,사설,0,0,0,미설치,미설치,미설치,미설치,미설치
충청북도,영동군,영동군 공설봉안묘,충청북도 영동군 영동읍 오탄리 산45,043-740-3358,,,0,공설,0,0,0,미설치,미설치,미설치,미설치,미설치
충청북도,음성군,예은추모공원,충청북도 음성군 금왕읍 덕금로 936-61 (용계리),043-881-4700,043-882-8900,www.yeaeunpark.com,0,사설,0,0,0,미설치,미설치,미설치,미설치,미설치
충청북도,옥천군,옥천군봉안당 선화원,충청북도 옥천군 군서면 성왕로 982 (월전리),043-733-4404,,,100,공설,15,3,0,미설치,미설치,설치,설치,설치
충청북도,음성군,용흥사 봉안묘,충청북도 음성군 금왕읍 용계리 183-21,043-877-0943,,,0,사설,0,0,0,미설치,미설치,미설치,미설치,미설치
충청북도,제천시,월명사 봉안탑,충청북도 제천시 송학면 시곡길 81 (시곡리),043-643-4733,,,0,사설,0,0,0,미설치,미설치,미설치,미설치,미설치
충청북도,청주시,자선사 봉안담,충청북도 청주시 상당구 미원면 화원길 4-97 (화원리),,,,0,사설,0,0,0,미설치,미설치,미설치,미설치,미설치
충청북도,청주시,장미원,충청북도 청주시 청원구 오창읍 양청3길 88 (양청리),043-251-3164,,https://www.cjuc.or.kr/home/sub.do?menukey=266,0,공설,0,0,0,미설치,미설치,설치,설치,미설치
충청북도,제천시,제천시영원한쉼터봉안당,충청북도 제천시 송학면 포전리 373번지 외,,,www.okjc.net/welfare/contents.do?key=771,150,공설,15,15,3,미설치,설치,설치,설치,설치
충청북도,충주시,죽림정사,충청북도 충주시 중앙탑면 탄금대로 851 (탑평리),043-851-4404,,,0,사설,0,0,0,미설치,미설치,미설치,미설치,미설치
충청북도,증평군,증평군 추모의집 ,"충청북도 음성군 금왕읍 덕금로 936-61, 예은추모공원 내 (용계리)",043-835-4813,,https://jp.go.kr/kor/sub05_01_07_03.do,0,공설,15,15,0,미설치,미설치,미설치,설치,미설치
충청북도,충주시,진달래메모리얼파크,충청북도 충주시 앙성면 와평2길 84 (지당리),043-855-4444,,www.jindallae.kr,0,사설,0,0,0,미설치,미설치,미설치,미설치,미설치
충청북도,진천군,진천군 추모의집,"충청북도 진천군 진천읍 백곡로 1465-34 (장관리, 진천군공설묘지)",043-539-3868,,https://www.jincheon.go.kr/site/welfare/sub.do?menukey=1056,100,공설,30,15,1,미설치,미설치,설치,설치,설치
충청북도,충주시,천등산 봉안영묘전,충청북도 충주시 산척면 천등박달로 771 (송강리),043-853-4741,,www.skymemo.co.kr,50,사설,30,30,99,미설치,미설치,설치,설치,미설치
충청북도,청주시,청주백화추모관,충청북도 청주시 상당구 명암로 103 (명암동),043-224-2299,,www.bhpark.co.kr,0,사설,60,60,0,설치,미설치,설치,미설치,미설치
충청북도,청주시,청주시목련공원 제1목련당,충청북도 청주시 상당구 목련로 731 (월오동),043-270-8578,,https://www.cjuc.or.kr/home/sub.do?menukey=255,0,공설,15,15,2,설치,설치,설치,설치,설치
충청북도,청주시,청주시목련공원 제2목련당,"충청북도 청주시 상당구 목련로 731 (월오동, 목련장례식장)",043-270-8578,,https://www.cjuc.or.kr/home/sub.do?menukey=253,0,공설,0,0,0,미설치,미설치,미설치,미설치,미설치
충청북도,청주시,청주시목련공원 제3목련당,"충청북도 청주시 상당구 목련로 731 (월오동, 목련장례식장)",043-270-8578,,https://www.cjuc.or.kr/home/sub.do?menukey=253,0,공설,0,0,0,미설치,미설치,미설치,미설치,미설치
충청북도,제천시,청풍추모공원,충청북도 제천시 금성면 신담길 46 (월굴리),043-644-4441,,www.BlueWindPark.com,150,사설,99,99,99,미설치,미설치,설치,설치,설치
충청북도,청주시 상당구,충북불교문화회관 봉안당,충청북도 청주시 상당구 월평로184번길 101 (용암동),043-647-0711,,,10,사설,10,3,0,미설치,미설치,설치,설치,설치
충청북도,충주시,충주시 천상원,충청북도 충주시 목벌길 256 (목벌동),043-870-7867,043-870-7867,https://www.cjfmc.or.kr/www/contents.do?key=94,78,공설,0,0,0,설치,설치,설치,설치,설치
충청북도,제천시,통도사 봉안탑,충청북도 제천시 봉양읍 명암로9길 105 (명암리),043-651-3636,,,0,사설,0,0,0,미설치,미설치,미설치,미설치,미설치
충청북도,청주시 상당구,풍주선원 봉안탑,"충청북도 청주시 상당구 명암로98번길 116 (명암동, 풍주사)",043-256-5585,,www.pungjusa.or.kr/,30,사설,99,10,99,설치,설치,설치,미설치,미설치
충청북도,단양군,한결재단법인 하늘정원,충청북도 단양군 영춘면 사지원리 445-6,041-545-0601,,,0,사설,0,0,0,미설치,미설치,미설치,미설치,미설치
충청남도,아산시,(재)대전교구천주교회 성환공원묘원 봉안당,"충청남도 아산시 음봉면 연암율금로 345-58 (소동리, 성환공원묘지)",042-630-7732,,,350,사설,0,0,0,설치,설치,설치,설치,설치
충청남도,아산시,(재)대전교구천주교회 성환공원묘원 봉안묘,"충청남도 아산시 음봉면 연암율금로 345-58 (소동리, 성환공원묘지)",042-630-7732,,,0,사설,0,0,0,미설치,미설치,미설치,미설치,미설치
충청남도,부여군,(재)영호추모공원,충청남도 부여군 세도면 해촌로63번길 43-9 (수고리),041-832-7004,,,0,사설,10,99,0,미설치,미설치,미설치,미설치,미설치
충청남도,홍성군,(재)유명추모공원,충청남도 홍성군 금마면 금마로516번길 64-22 (봉서리),041-631-9971,,www.hyuon.com,50,사설,99,99,99,미설치,미설치,설치,미설치,설치
충청남도,금산군,(재)평화공원 가족봉안묘,"충청남도 금산군 복수면 신대리 193, 194-1",041-752-8503,,,100,사설,30,99,0,미설치,미설치,설치,설치,미설치
충청남도,금산군,(재)평화공원 파라다이스 추모관,충청남도 금산군 복수면 앞재길 21-48 (신대리),041-752-8503,,,300,사설,99,99,0,미설치,미설치,설치,설치,미설치
충청남도,천안시,(재)풍산공원묘원 봉안묘,"충청남도 천안시 동남구 병천면 풍산공원길 70 (봉항리, 풍산공원묘역)",041-554-4199,041-554-4198,,0,사설,0,0,0,미설치,미설치,미설치,미설치,미설치
충청남도,예산군,(재)화산추모공원(봉안),충청남도 예산군 대술면 대술로 574-57 (화산리),041-332-2284,,www.hwasanpark.co.kr,60,사설,99,99,99,설치,미설치,설치,미설치,설치
충청남도,계룡시,계룡시 정명각,충청남도 계룡시 두마면 제1산단로 132 (입암리),042-840-2271,,,0,공설,30,30,1,미설치,미설치,미설치,설치,미설치
충청남도,공주시,공주나래원 봉안당,"충청남도 공주시 이인면 삼배실길 70 (운암리, 나래원)",041-840-8980,,https://www.gongju.go.kr/naraewon/index.do,297,공설,0,0,0,설치,설치,설치,설치,설치
충청남도,금산군,금산군공설봉안당,충청남도 금산군 복수면 복수로 1015-71 (신대리),041-750-2482,041-751-6273,,0,공설,15,15,3,미설치,미설치,미설치,미설치,미설치
충청남도,논산시,논산시양지추모원,충청남도 논산시 양촌면 중산길 165-11 (중산리),041-746-5338,,www.nonsan.go.kr/kor/html/sub05/05020406.html,50,공설,10,10,3,미설치,미설치,설치,설치,미설치
충청남도,부여군,대한불교운문종 봉안탑,충청남도 부여군 초촌면 세탑로 337 (세탑리),041-834-0155,,,0,사설,0,0,0,미설치,미설치,미설치,미설치,미설치
충청남도,당진시,대호지공설묘지 봉안묘(개인·가족·평장),"충청남도 당진시 대호지면 봉선길 123 (장정리, 어성정공동묘지)",041-353-3044,,https://www.dangjin.go.kr/bokji/sub04_05_03.do,0,공설,0,0,0,미설치,설치,설치,미설치,미설치
충청남도,당진시,대호지공설묘지 어성정,"충청남도 당진시 대호지면 봉선길 123 (장정리, 어성정공동묘지)",041-353-3044,,https://www.dangjin.go.kr/bokji/sub04_05_03.do,0,공설,0,0,0,미설치,미설치,미설치,미설치,미설치
충청남도,금산군,만인산 만인사 봉안당,"충청남도 금산군 복수면 다복로 525-35 (용진리, 만인사)",041-751-3755,,만인추모관.inter114.com/,100,사설,15,99,99,설치,미설치,설치,설치,설치
충청남도,논산시,무궁화추모공원,충청남도 논산시 벌곡면 황룡재로553번길 148-71 (양산리),041-734-3844,,www.neverend.kr,30,사설,30,0,0,미설치,미설치,설치,설치,설치
충청남도,보령시,보령시마을단위공원묘지 봉안묘,충청남도 보령시 웅천읍 수부리 산33-1,041-930-4503,041-930-4503,,0,공설,0,0,0,미설치,미설치,미설치,미설치,미설치
충청남도,보령시,보령시모란공원 봉안당,"충청남도 보령시 성주면 만수로 695-14 (개화리, 모란공원사무실)",041-933-5671,,www.brsisul.or.kr/kor/sub01_03_01.do,100,공설,30,30,1,설치,설치,설치,미설치,설치
충청남도,보령시,보령시모란공원 봉안묘·담,"충청남도 보령시 성주면 만수로 695-14 (개화리, 모란공원사무실)",041-933-5671,,www.brsisul.or.kr/kor/sub01_03_01.do,0,공설,0,0,0,미설치,미설치,미설치,미설치,미설치
충청남도,서산시,삼길사 봉안당,충청남도 서산시 대산읍 충의로 2779-45 (화곡리),041-663-7328,,,0,사설,0,0,0,미설치,미설치,미설치,미설치,미설치
충청남도,금산군,서대산추모공원 봉안당,충청남도 금산군 추부면 서대동기길 100 (서대리),041-754-5108,041-754-4108,www.서대산추모공원.com,500,사설,99,99,99,설치,설치,설치,설치,설치
충청남도,금산군,서대산추모공원 봉안탑,"충청남도 금산군 추부면 서대동기길 100 (서대리, 일불사)",041-754-5108,,,0,사설,0,0,0,미설치,미설치,미설치,미설치,미설치
충청남도,서산시,서산시 희망공원(봉안시설),충청남도 서산시 인지면 무학재2길 106 (산동리),041-660-2719,,https://www.seosan.go.kr/welfare/contents.do?key=215,0,공설,15,10,3,미설치,미설치,설치,설치,미설치
충청남도,서산시,서산시추모의집,충청남도 서산시 인지면 무학재2길 106 (산동리),041-660-2719,041-660-2719,,0,공설,0,0,0,미설치,미설치,미설치,미설치,미설치
충청남도,서천군,서천군영명각 국화관,"충청남도 서천군 판교면 심동길 316-161 (심동리, 영명각납골당)",041-950-4347,041-950-4347,,0,공설,0,0,0,미설치,미설치,미설치,미설치,미설치
충청남도,서천군,서천군영명각 목련관,충청남도 서천군 판교면 심동리 산 73-1번지,041-950-4347,,,50,공설,10,10,5,미설치,미설치,설치,설치,미설치
충청남도,당진시,석문공설묘지 가족봉안묘,"충청남도 당진시 석문면 통정1길 86-38 (삼화리, 공설묘지관리사)",041-353-5944,,https://www.dangjin.go.kr/bokji/sub04_05_03.do,0,공설,0,0,0,미설치,설치,설치,설치,미설치
충청남도,공주시,성공사 봉안당,충청남도 공주시 우성면 성곡길 347-30 (방문리),041-853-3355,,,0,사설,0,0,0,미설치,미설치,미설치,미설치,미설치
충청남도,공주시,성공사 지장전,충청남도 공주시 우성면 성곡길 347-30 (방문리),041-853-3355,,,0,사설,0,0,0,미설치,미설치,미설치,미설치,미설치
충청남도,논산시,성불사 봉안당,충청남도 논산시 상월면 상월로486번길 81 (대명리),041-734-0545,,,0,사설,0,0,0,미설치,미설치,미설치,미설치,미설치
충청남도,논산시,성불사 봉안탑,충청남도 논산시 상월면 상월로486번길 81 (대명리),041-734-0545,,,0,사설,0,0,0,미설치,미설치,미설치,미설치,미설치
충청남도,당진시,솔뫼공설묘지 가족봉안묘,충청남도 당진시 우강면 우강송산로 64 (송산리),041-363-4786,,https://www.dangjin.go.kr/bokji/sub04_05_03.do,0,공설,0,0,0,미설치,설치,설치,설치,미설치
충청남도,당진시,솔뫼공설묘지 안향정,충청남도 당진시 우강면 우강송산로 64 (송산리),041-363-4786,,https://www.dangjin.go.kr/bokji/sub04_05_03.do,0,공설,0,0,0,미설치,미설치,미설치,미설치,미설치
충청남도,아산시,아산메모리얼파크 휴온 봉안당,충청남도 아산시 송악면 외암로 55-15 (거산리),02-502-9984,,www.hyuon.com,60,사설,99,99,99,미설치,미설치,설치,설치,설치
충청남도,아산시,아산메모리얼파크 휴온 봉안묘,충청남도 아산시 송악면 외암로 55-15 (거산리),02-502-9984,,,0,사설,0,0,0,미설치,미설치,미설치,미설치,미설치
충청남도,아산시,아산시공설봉안당,충청남도 아산시 송악면 외암로 30-30 (거산리),041-538-1940,,https://asanfmc.or.kr/new/cms/?no=25,42,공설,15,15,2,미설치,미설치,설치,설치,설치
충청남도,예산군,예산군추모공원 봉안묘(가족·평장) ,"충청남도 예산군 응봉면 예당로 1345-12 (평촌리, 예산군추모공원)",041-339-8251,041-339-8259,,0,공설,0,0,0,미설치,미설치,미설치,미설치,미설치
충청남도,예산군,예산군추모의집 제1관,"충청남도 예산군 응봉면 예당로 1345-12 (평촌리, 예산군추모공원)",041-339-8252,041-339-8259,https://www.yesan.go.kr/kor/sub06_13_04_03_01.do,0,공설,0,0,0,미설치,미설치,미설치,미설치,미설치
충청남도,예산군,예산군추모의집 제2관,"충청남도 예산군 응봉면 예당로 1345-12 (평촌리, 예산군추모공원)",041-339-8252,041-339-8259,https://www.yesan.go.kr/kor/sub06_13_04_03_01.do,0,공설,0,0,0,미설치,미설치,미설치,미설치,미설치
충청남도,천안시 동남구,재단법인 로엠(봉안시설),충청남도 천안시 동남구 광덕면 광덕로 383 (신덕리),1544-4471,041-567-0535,www.hurian.com,"1,000",사설,0,0,0,설치,설치,설치,설치,미설치
충청남도,계룡시,재단법인 아너스홈,"충청남도 계룡시 두마면 제1산단로 132, 재단법인 아너스홈 ",042-585-0536,,,100,사설,0,0,0,미설치,미설치,설치,미설치,미설치
충청남도,공주시,정안수목장 봉안당,충청남도 공주시 정안면 차령고개로 17-55 (사현리),1599-9914,,,0,사설,0,0,0,미설치,미설치,미설치,미설치,미설치
충청남도,논산시,지장정사 연화대,"충청남도 논산시 노성면 화곡안길 103 (화곡리, 지장정사,템플스테이,연화대,법륜종재단)",041-732-5629,,,0,사설,0,0,0,미설치,미설치,미설치,미설치,미설치
충청남도,천안시 서북구,천안노블랜드하늘공원 봉안담,충청남도 천안시 서북구 입장면 시장리2길 77 (시장리),041-587-2100,041-587-2103,,0,사설,0,0,0,미설치,미설치,미설치,미설치,미설치
충청남도,천안시 서북구,천안노블랜드하늘공원 봉안당,충청남도 천안시 서북구 입장면 시장리2길 77 (시장리),041-587-2100,041-587-2103,www.nobleland.or.kr,0,사설,0,0,0,미설치,미설치,미설치,미설치,미설치
충청남도,천안시 동남구,천안추모공원 봉안당,충청남도 천안시 동남구 광덕면 밤나무골길 38 (원덕리),041-529-5142,,www.cauc.or.kr/_chpark/,0,공설,15,15,2,설치,미설치,설치,설치,설치
충청남도,청양군,청양군추모공원(봉안당),충청남도 청양군 화성면 신수길 142-18 (수정리),041-940-2086,,https://www.cheongyang.go.kr//kor/sub06_01_11.do,24,공설,30,30,1,미설치,미설치,설치,미설치,미설치
충청남도,태안군,태안군 영묘전,"충청남도 태안군 남면 저드래길 116-304 (당암리, 태안군공설영묘)",041-675-1809,,https://www.taean.go.kr/life/sub01_11.do,150,공설,30,30,1,미설치,미설치,설치,설치,미설치
충청남도,당진시,하늘소망추모관,충청남도 당진시 송악읍 조비실길 43-26 (영천리),041-353-9882,041-357-6161,shmp9882.modoo.at/ ,48,사설,99,99,99,설치,미설치,설치,설치,설치
충청남도,아산시,혜명사 봉안당,충청남도 아산시 염치읍 쌍죽길 133-7 (쌍죽리),041-543-1477,,,0,사설,0,0,0,미설치,미설치,미설치,미설치,미설치
충청남도,홍성군,홍성군공원묘지 가족봉안묘,충청남도 홍성군 갈산면 갈산서길170번길 109-47 (부기리),041-630-9823,041-630-9823,,0,공설,0,0,0,미설치,미설치,미설치,미설치,미설치
충청남도,홍성군,홍성추모공원봉안당,충남 홍성군 금마면 금마로516번길 85,041-633-7780,,choomo.hongseong.go.kr,0,공설,0,0,0,설치,설치,설치,설치,미설치
전북특별자치도,군산시,(재)봉황공원묘지 봉안묘,전북특별자치도 군산시 임피면 미원리 산100-1,063-453-5533,,,0,사설,0,0,0,미설치,미설치,미설치,미설치,미설치
전북특별자치도,군산시,(재)성산공원 봉안묘,"전북특별자치도 군산시 성산면 왕골로 239-29 (대명리, 성산공원)",063-453-5510,,,0,사설,0,0,0,미설치,미설치,미설치,미설치,미설치
전북특별자치도,군산시,(재)성산공원 추모관,"전북특별자치도 군산시 성산면 왕골로 239-29 (대명리, 성산공원)",063-453-5510,,www.ssmemorialpark.co.kr,230,사설,99,99,99,미설치,설치,설치,설치,미설치
전북특별자치도,김제시,(재)지평선전북공원묘원(봉안),전북특별자치도 김제시 금구면 선암1길 290 (선암리),063-546-5011,,blog.naver.com/jb09002 ,100,사설,10,99,99,미설치,미설치,설치,설치,미설치
전북특별자치도,완주군,(재)천주교유지재단 천호성지,"전라북도 완주군 비봉면 천호성지길 124 (내월리, 천호성지)",063-262-1014,,www.cheonhos.org,300,사설,0,0,0,미설치,미설치,설치,설치,미설치
전북특별자치도,김제시,(재)평화원,전북특별자치도 김제시 공덕면 대산2길 47-22 (공덕리),063-853-1023,,,0,사설,15,0,0,미설치,미설치,설치,미설치,미설치
전북특별자치도,무주군,(재)하늘공원 봉안당,전북특별자치도 무주군 적상면 방이리 산158-1,063-320-4000,,,0,사설,0,0,0,미설치,미설치,미설치,미설치,미설치
전북특별자치도,완주군,(재)호정공원(봉안),전북특별자치도 완주군 화산면 운곡로 381-64 (운곡리),063-214-1009,,www.hjcloud9.com/,480,사설,99,99,99,미설치,미설치,설치,설치,설치
전북특별자치도,고창군,고창군추모의집,"전북특별자치도 고창군 부안면 복분자로 559 (용산리, 고창군추모의집)",063-563-4994,,,40,공설,10,10,5,미설치,미설치,설치,미설치,미설치
전북특별자치도,군산시,군산시추모관,"전북특별자치도 군산시 임피면 서원석곡로 436-34 (보석리, 승화원)",063-454-7952,,,0,공설,0,0,0,미설치,미설치,설치,설치,미설치
전북특별자치도,전주시 완산구,그린피아추모공원,"전북특별자치도 전주시 완산구 쑥고개옛길 51 (삼천동3가, 그린피아추모공원)",063-237-1009,,greenpiapark.com,0,사설,99,99,0,설치,설치,설치,설치,설치
전북특별자치도,순창군,금화추모관,"전북특별자치도 순창군 순창읍 담순로 951-67 (백산리, 금화사)",063-652-6022,02-652-6071,금화추모관.com,50,사설,15,0,99,미설치,미설치,설치,미설치,미설치
전북특별자치도,남원시,남원시승화당,전북특별자치도 남원시 솔터길 40-36 (광치동),063-632-5874,,,0,공설,0,0,0,미설치,미설치,설치,설치,미설치
전북특별자치도,전주시 완산구,모악추모공원,"전북특별자치도 전주시 완산구 우림로 714 (용복동, 모악납골당)",1577-3525,,www.moakpark.co.kr,150,사설,99,99,0,미설치,미설치,설치,설치,설치
전북특별자치도,무주군,무주추모의집(봉안),"전북특별자치도 무주군 무주읍 괴목로 1359-72 (당산리, 무주추모의집)",063-322-2302,,,0,공설,15,10,4,미설치,미설치,설치,미설치,미설치
전북특별자치도,정읍시,서남권추모공원 봉안담,전북특별자치도 정읍시 감곡면 정읍북로 1850 (통석리),063-539-6726,063-538-6517,,0,공설,0,0,0,미설치,미설치,미설치,미설치,미설치
전북특별자치도,정읍시,서남권추모공원 제1추모관,전북특별자치도 정읍시 감곡면 정읍북로 1850 (통석리),063-539-6726,063-538-6517,,0,공설,15,15,2,설치,설치,설치,설치,설치
전북특별자치도,정읍시,서남권추모공원 제2추모관,전북특별자치도 정읍시 감곡면 정읍북로 1850 (통석리),063-539-6726,063-538-6517,,0,공설,0,0,0,미설치,미설치,미설치,미설치,미설치
전북특별자치도,김제시,성모암영락원,전북특별자치도 김제시 만경읍 화포3길 54-9 (화포리),063-544-0869,,,50,사설,99,0,0,미설치,미설치,설치,미설치,미설치
전북특별자치도,익산시,영모묘원 대원전,"전북특별자치도 익산시 왕궁면 호반로 173-45 (동봉리, 영모묘원납골당)",063-836-4311,,,"1,000",사설,30,0,0,설치,미설치,설치,설치,설치
전북특별자치도,완주군,완주군 추모의집,전북특별자치도 완주군 봉동읍 우주로 270-68 (구암리),063-290-2208,,,0,공설,"2,004",10,2,미설치,미설치,설치,설치,미설치
전북특별자치도,부안군,용화사 봉안당,"전북특별자치도 부안군 행안면 미륵골길 43 (역리, 용화사)",063-584-4919,,,8,사설,30,30,3,미설치,미설치,설치,미설치,미설치
전북특별자치도,익산시,익산시 추모의집 제1관,"전북특별자치도 익산시 무왕로 1471-63 (석왕동, 익산공원묘지)",063-859-3840,,,0,공설,0,0,0,미설치,미설치,설치,설치,미설치
전북특별자치도,익산시,익산시 추모의집 제2관,"전북특별자치도 익산시 무왕로 1471-63 (석왕동, 익산공원묘지)",063-859-3847,063-859-5072,,0,공설,0,0,0,미설치,미설치,설치,설치,미설치
전북특별자치도,익산시,익산시 추모의집 제3관,"전북특별자치도 익산시 무왕로 1471-63 (석왕동, 익산공원묘지)",063-859-3847,,,0,공설,0,0,0,미설치,미설치,미설치,미설치,미설치
전북특별자치도,익산시,익산추모관,전북특별자치도 익산시 석왕동 235,063-722-4400,,,15,사설,1,2,0,미설치,미설치,설치,설치,미설치
전북특별자치도,전주시 완산구,자임추모공원,"전북특별자치도 전주시 완산구 콩쥐팥쥐로 1705-108 (효자동3가, 대복전)",063-236-2294,,jaimpark.com,34,사설,99,99,99,미설치,미설치,설치,설치,설치
전북특별자치도,부안군,재단법인 미륵불교 봉안당,전북특별자치도 부안군 상서면 저기양산길 16-3 (가오리),063-582-5509,,,20,사설,10,10,6,미설치,미설치,설치,설치,미설치
전북특별자치도,전주시 완산구,전주추모관,전북특별자치도 전주시 완산구 콩쥐팥쥐로 1705-152 (효자동3가),063-221-7185,,www.jeonjumemorial.com,35,사설,99,99,99,미설치,미설치,설치,설치,미설치
전북특별자치도,전주시 완산구,전주효자공원봉안당,"전북특별자치도 전주시 완산구 콩쥐팥쥐로 1705-138 (효자동3가, 전주승화원)",063-239-2690,,https://www.jjss.or.kr/index.9is?contentUid=ff8080816c5f9de6016cb28f27280028,10,공설,15,15,1,설치,설치,설치,설치,설치
전북특별자치도,전주시 완산구,전주효자공원봉안원,"전북특별자치도 전주시 완산구 콩쥐팥쥐로 1705-138 (효자동3가, 전주승화원)",063-239-2690,,https://www.jjss.or.kr/index.9is?contentUid=ff8080816c5f9de6016cb28f27280028,0,공설,0,0,0,설치,설치,설치,설치,설치
전북특별자치도,전주시,천주교 금상동성당 하늘자리,"전북특별자치도 전주시 덕진구 전진로 107-13 (금상동, 금상동성당)",063-245-0091,,http://wwwkscatholicorkr/,200,사설,45,15,1,미설치,미설치,설치,설치,미설치
전북특별자치도,남원시,태고종관음사 봉안당,"전북특별자치도 남원시 보절면 관음사길 82 (서치리, 관음사)",063-634-4705,,,0,사설,0,0,0,미설치,미설치,미설치,미설치,미설치
전북특별자치도,전주시 완산구,효자추모관,"전북특별자치도 전주시 완산구 콩쥐팥쥐로 1705-31 (효자동3가, 효자추모관)",063-227-6811,,www.hyojas.com/,100,사설,99,0,99,미설치,미설치,설치,설치,설치
전라남도,완도군,(사)민족불교해동조계종 해동사,전라남도 완도군 약산면 약산일주로 673 (해동리),061-555-0879,061-372-6011,,100,사설,0,0,0,설치,미설치,설치,설치,설치
전라남도,나주시,(재)남도추모공원,전라남도 나주시 문평면 월암로 1050 (학교리),062-1544-6061,,www.namdopark.kr,500,사설,99,99,0,미설치,설치,설치,설치,설치
전라남도,목포시,(재)메모리힐즈추모공원,전라남도 목포시 용당로384번길 34 (용해동),061-272-0400,061-273-4471,https://www.memoryhills.kr,37,사설,99,99,99,미설치,미설치,설치,설치,설치
전라남도,곡성군,(재)아름다운 청계공원 봉안시설,전라남도 곡성군 곡성읍 청계동로 457 (신기리),061-362-1199,,https://061-362-1199.ezbuilder.co.kr/,0,사설,0,0,0,미설치,미설치,설치,설치,미설치
전라남도,여수시,(재)예다원,전라남도 여수시 소라면 운암길 6 (봉두리),061-665-1004,,www.예다원.kr,50,사설,99,99,0,미설치,설치,설치,미설치,미설치
전라남도,담양군,갑향군립묘원(봉안),"전라남도 담양군 대전면 추성로 468 (갑향리, 갑향공원)",061-380-3383,,,50,공설,15,15,3,미설치,미설치,설치,설치,미설치
전라남도,고흥군,고흥군립하늘공원 봉안당,전라남도 고흥군 고흥읍 호형리 399,061-830-5643,061-830-5880,,0,공설,0,0,0,미설치,미설치,미설치,미설치,미설치
전라남도,담양군,관음사추모관,전라남도 담양군 담양읍 깊은실길 35 (학동리),061-383-6697,,불교납골당.km114.kr,30,사설,0,0,0,미설치,미설치,설치,설치,미설치
전라남도,광양시,광양시립영세공원 봉안담 ,전라남도 광양시 광양읍 직동1길 300 (죽림리),061-762-4449,061-762-4449,,0,공설,0,0,0,미설치,미설치,미설치,미설치,미설치
전라남도,광양시,광양시립영세공원 봉안당,전라남도 광양시 광양읍 직동1길 300 (죽림리),061-762-4449,,,0,공설,0,0,0,설치,미설치,설치,설치,미설치
전라남도,고흥군,국립소록도병원 만령당,"전라남도 고흥군 도양읍 소록해안길 65 (소록리, 국립소록도병원)",061-840-0500,,https://www.sorokdo.go.kr/sorokdo/main.do,10,공설,0,0,0,미설치,설치,설치,미설치,미설치
전라남도,나주시,나주납골당,"전라남도 나주시 내영산1길 12-3 (삼영동, 내영사)",061-334-0048,061-332-6330,www.내영사.kr,5,사설,99,0,0,미설치,미설치,설치,설치,미설치
전라남도,해남군,남도광역추모공원 동백당,전라남도 해남군 황산면 호교길 241-250 (일신리),061-530-5141,061-530-5582,,189,공설,15,15,2,설치,설치,설치,설치,설치
전라남도,해남군,남도광역추모공원 매화당,전라남도 해남군 황산면 호교길 241-250 (원호리),061-530-5141,061-530-5582,,0,공설,0,0,0,미설치,미설치,미설치,미설치,미설치
전라남도,담양군,대덕스카이캐슬 추모관,전라남도 담양군 대덕면 문학리 산 105,061-938-9830,,ddskycastle.kr,200,사설,45,45,1,미설치,미설치,설치,설치,설치
전라남도,화순군,대한불교관음종불문사,"전라남도 화순군 도곡면 고인돌1로 282-65 (효산리, 불문사)",061-372-4567,,,0,사설,0,0,0,미설치,미설치,미설치,미설치,미설치
전라남도,보성군,대한불교선각종 정향사,전라남도 보성군 득량면 분지길 25-65 (송곡리),061-3362-2715,,,10,사설,10,99,99,미설치,미설치,설치,미설치,미설치
전라남도,완도군,대한불교조계종 신흥사,"전라남도 완도군 완도읍 청해진남로 101-1 (군내리, 신흥사)",061-554-2634,,www.sinheungsa.net ,20,사설,0,0,0,미설치,미설치,설치,미설치,미설치
전라남도,목포시,목포추모공원 추모의집,전라남도 목포시 고하대로 1140-41 (대양동),061-270-8723,,http://www.mokpopark.com/,50,공설,99,15,1,미설치,미설치,설치,설치,미설치
전라남도,목포시,목포추모관 휴,전라남도 목포시 고하대로 1140-41 (대양동),061-246-1001,,www.mokpopark.com,0,사설,99,0,0,미설치,미설치,미설치,미설치,미설치
전라남도,장성군,백양사 영각당,"전라남도 장성군 북하면 백양로 1239 (약수리, 백양사)",061-392-7502,,,0,사설,0,0,0,미설치,미설치,미설치,미설치,미설치
전라남도,진도군,보배숲추모공원 봉안담,"전라남도 진도군 진도읍 진도대로 7363-110 (동외리, 관리사무소)",,,,0,공설,0,0,0,미설치,미설치,미설치,미설치,미설치
전라남도,목포시,보현정사,전라남도 목포시 삼학로 346-1 (용해동),061-279-7388,061-279-7390,,0,사설,0,0,0,미설치,미설치,미설치,미설치,미설치
전라남도,보성군,봉갑사 납골묘,전라남도 보성군 문덕면 단양길 296-6 (봉갑리),061-853-9979,,,0,사설,0,0,0,미설치,미설치,미설치,미설치,미설치
전라남도,고흥군,비봉사 봉안탑,"전라남도 고흥군 도양읍 차경구렁목길 237-46 (용정리, 비봉사)",061-842-3362,,,0,사설,0,0,0,미설치,미설치,미설치,미설치,미설치
전라남도,함평군,상상추모공원,전라남도 함평군 함평읍 함장로 933-43 (수호리),061-322-6666,,www.ssmemorypark.com,300,사설,99,99,99,설치,미설치,설치,설치,미설치
전라남도,해남군,서동사,"전라남도 해남군 화원면 절골길 244 (금평리, 서동사)",061-532-0415,061-534-0324,,0,사설,0,0,0,미설치,미설치,미설치,미설치,미설치
전라남도,순천시,순천시립추모공원 제1봉안당,전라남도 순천시 양율길 132 (야흥동),061-749-6168,061-749-4644,https://www.suncheon.go.kr/kr/welfare/0002/0010/0003/,0,공설,0,0,0,미설치,미설치,미설치,미설치,미설치
전라남도,순천시,순천시립추모공원 제2봉안당,전라남도 순천시 양율길 132 (야흥동),061-749-6168,061-749-4644,https://www.suncheon.go.kr/kr/welfare/0002/0010/0003/,0,공설,0,0,0,미설치,미설치,미설치,미설치,미설치
전라남도,신안군,신안1004추모관,전라남도 목포시 고하대로 1140-41 (대양동),061-246-1001,,,0,공설,0,0,0,미설치,미설치,미설치,미설치,미설치
전라남도,장성군,안양사푸른공원,전라남도 장성군 삼계면 용매골길 79 (화산리),061-394-9999,,,0,사설,0,0,0,미설치,미설치,미설치,설치,미설치
전라남도,여수시,여수시 제1추모의 집,"전라남도 여수시 소라면 의곡길 494 (봉두리, 영락공원)",061-659-1795,061-659-5889,,457,공설,15,15,2,미설치,설치,설치,설치,설치
전라남도,여수시,여수시 제2추모의 집,"전라남도 여수시 소라면 의곡길 494 (봉두리, 영락공원)",061-659-1795,061-659-5889,,475,공설,15,15,2,미설치,설치,설치,설치,설치
전라남도,영광군,영광군 공설추모공원 봉안당,전라남도 영광군 군남면 광암로 174,061-351-9870,061-351-9875,,0,공설,0,0,0,미설치,미설치,미설치,미설치,미설치
전라남도,담양군,오룡군립묘원(봉안),전라남도 담양군 무정면 오룡리 산29,061-380-3384,,,50,공설,15,15,3,미설치,미설치,설치,설치,미설치
전라남도,완도군,완도군추모공원 봉안담,전라남도 완도군 군외면 청해진서로 1702 (삼두리),061-550-5328,,,0,공설,0,0,0,미설치,미설치,미설치,미설치,미설치
전라남도,여수시,용월사사찰회 봉안당,전라남도 여수시 돌산읍 월전길 129-60 (우두리),061-644-2790,,,0,사설,0,0,0,미설치,미설치,미설치,미설치,미설치
전라남도,장성군,장성군추모공원,전라남도 장성군 삼계면 영장로 900 (부성리),061-393-0985,061-390-7050,,140,공설,15,15,3,미설치,미설치,설치,설치,미설치
전라남도,구례군,재단법인 세심사하늘공원,"전라남도 구례군 구례읍 섬진강로 348-33 (계산리, 하늘공원)",061-782-0190,,www.hanulpark.co.kr,0,사설,99,0,0,미설치,미설치,설치,설치,미설치
전라남도,보성군,정광사 연화추모관,전라남도 보성군 조성면 녹색로 4561-51(귀산리),061-858-0034,,,200,사설,0,0,0,미설치,미설치,설치,설치,미설치
전라남도,보성군,존제산 일월사 설법전,전라남도 보성군 율어면 유신길 195 (유신리),061-853-2003,,www.ilwolsa.co.kr,200,사설,99,99,99,설치,설치,설치,설치,미설치
전라남도,여수시,지장대사 극락전봉안당,"전라남도 여수시 돌산읍 몰둠벙길 165(평사리, 지장대사)",061-644-1244,,0616441244.okqr.co.kr/,50,사설,0,0,0,설치,미설치,설치,설치,미설치
전라남도,나주시,지장사 봉안당,전라남도 나주시 왕곡면 신포내동길 14-29 (신포리),,,,0,사설,0,0,0,미설치,미설치,미설치,미설치,미설치
전라남도,무안군,천국의계단추모관(재단법인천국),"전라남도 무안군 일로읍 죽사동길 179-126 (지장리, 천국의계단추모관)",061-281-8661,,www.i1009.kr,200,사설,99,0,0,미설치,미설치,설치,설치,설치
전라남도,함평군,천일추모공원,전라남도 함평군 월야면 밀재로 1827 (외치리),061-322-1106,,,0,사설,0,0,0,미설치,미설치,미설치,미설치,미설치
전라남도,담양군,천주교 광주교구 담양공원묘원,전라남도 담양군 월산면 월광로 512 (광암리),062-227-7124,,www.gjccp.kr,0,사설,30,30,1,미설치,미설치,설치,설치,미설치
전라남도,무안군,천주교 청계묘원 봉안당,전라남도 무안군 청계면 해안로 752 (도대리),061-454-0735,,,0,사설,0,0,0,미설치,미설치,미설치,미설치,미설치
전라남도,해남군,추모관 천상의집,"전라남도 해남군 해남읍 해남로 160-83 (신안리, 선각사)",061-534-1304,,,0,사설,0,0,0,미설치,미설치,미설치,미설치,미설치
전라남도,강진군,칠량자연공원봉안시설,"전라남도 강진군 칠량면 삼흥공원길 178-54 (삼흥리, 칠량자연공원묘원)",061-433-2011,061-433-2012,,0,사설,0,0,0,미설치,미설치,미설치,미설치,미설치
전라남도,화순군,학천사추모관,"전라남도 화순군 화순읍 덕음로 940-27 (삼천리, 학천사)",061-375-7631,061-375-7274,www.hakchunsa.kr,70,사설,1,99,99,미설치,미설치,설치,미설치,미설치
전라남도,해남군,화원관광단지공설봉안당,전라남도 해남군 화원면 신덕리 산250,061-530-5541,,,0,공설,0,0,0,미설치,미설치,설치,미설치,미설치
경상북도,영천시,(사)대한불교연화조계종 정림사,경상북도 영천시 화남면 용구길 253-45 (용계리),054-338-6300,,,0,사설,0,0,0,미설치,미설치,미설치,미설치,미설치
경상북도,경산시,(재)금곡장미공원 봉안당,경상북도 경산시 남천면 금곡길 28-75 (금곡리),053-814-8800,,,0,사설,0,0,0,미설치,미설치,미설치,미설치,미설치
경상북도,성주군,(재)남양공원묘원 추모관,경상북도 성주군 선남면 관용로 401-41 (오도리),054-932-4444,,,0,사설,0,0,0,미설치,미설치,미설치,미설치,미설치
경상북도,경주시,(재)법화세계추모관,경상북도 경주시 내남면 내외로 1130-16 (노곡리),054-773-6605,,www.choomo.kr,70,사설,99,99,99,미설치,미설치,설치,설치,설치
경상북도,구미시,(재)선산납골당,경상북도 구미시 옥성면 선상동로 419 (초곡리),054-481-0409,,,0,사설,0,0,0,미설치,미설치,미설치,미설치,미설치
경상북도,영천시,(재)아미타우스 봉안당,"경상북도 영천시 북안면 내서로 139-17 (고지리, 만불사)",054-336-9004,,manbulsa.org,0,사설,0,0,0,미설치,미설치,미설치,미설치,미설치
경상북도,영천시,(재)아미타우스 봉안탑,"경상북도 영천시 북안면 내서로 139-17 (고지리, 만불사)",054-336-9004,,manbulsa.org,0,사설,0,0,0,미설치,미설치,미설치,미설치,미설치
경상북도,안동시,(재)안동추모공원(봉안당),경상북도 안동시 풍산읍 본마을길 36-69 (노리),054-843-7023,,www.andongpark.net,100,사설,0,0,0,미설치,설치,설치,미설치,미설치
경상북도,영주시,(재)영봉추모공원,경상북도 영주시 이산면 봉화로 140-42 (신암리),054-633-8700,,blog.naver.com/ybmp8700,100,사설,0,0,0,미설치,미설치,설치,설치,미설치
경상북도,경주시,(재)영호공원,경상북도 경주시 건천읍 단석로 1803-94 (송선리),054-751-9666,,www.yeonghopark.or.kr,100,사설,99,99,99,설치,설치,설치,설치,설치
경상북도,성주군,(재)우성공원 봉안당,"경상북도 성주군 선남면 관용로 470-54 (용신리, 우성공원사무소)",054-933-4774,,,0,사설,0,0,0,미설치,미설치,설치,미설치,미설치
경상북도,성주군,(재)우성공원 봉안묘·담,"경상북도 성주군 선남면 관용로 470-54 (용신리, 우성공원사무소)",054-933-4774,,,0,사설,0,0,0,미설치,미설치,미설치,미설치,미설치
경상북도,성주군,(재)우성공원 영남납골당(무연고),"경상북도 성주군 선남면 관용로 470-54 (용신리, 우성공원사무소)",054-933-4774,,,0,사설,0,0,0,미설치,미설치,미설치,미설치,미설치
경상북도,성주군,(재)우성공원 추모관,"경상북도 성주군 선남면 관용로 470-54 (용신리, 우성공원사무소)",054-933-1120,,,0,사설,0,0,0,미설치,미설치,미설치,미설치,미설치
경상북도,칠곡군,(재)조양공원 봉안당,경상북도 칠곡군 지천면 달방길 215 (달서리),054-979-2922,,,0,사설,0,0,0,미설치,미설치,미설치,미설치,미설치
경상북도,칠곡군,(재)청구공원 봉안당,"경상북도 칠곡군 지천면 백송로 258 (백운리, 청구공원)",054-972-1382,,,0,사설,0,0,0,미설치,미설치,설치,미설치,미설치
경상북도,청도군,(재)한국SGI청도평화공원,경상북도 청도군 금천면 석현길 96-7 (소천리),054-996-9897,,,200,사설,30,30,99,미설치,미설치,설치,설치,설치
경상북도,영천시,개원추모공원 봉안탑,경상북도 영천시 신녕면 장수로 2238-28 (화남리),054-336-0992,,www.gwmita.com,0,사설,0,0,0,미설치,미설치,미설치,미설치,미설치
경상북도,경주시,경주하늘마루봉안당,경상북도 경주시 서면 하늘마루길 330 (도리),054-751-2444,,www.gyeongju.go.kr/area/page.do?mnu_uid=1291,100,공설,15,15,2,설치,설치,설치,미설치,설치
경상북도,영주시,고경사추모공원,경상북도 영주시 평은면 녹지로 216 (지곡리),054-637-8885,,,0,사설,0,0,0,미설치,미설치,미설치,미설치,미설치
경상북도,영천시,관음사 봉안당,경상북도 영천시 북안면 돈암길 139 (자포리),,,,0,사설,0,0,0,미설치,미설치,미설치,미설치,미설치
경상북도,구미시,구미시공설숭조당 제1관,경상북도 구미시 옥성면 선상동로 419 (초곡리),054-481-0572,,,0,공설,15,15,2,미설치,미설치,미설치,미설치,미설치
경상북도,구미시,구미시공설숭조당 제2관,경상북도 구미시 옥성면 선상동로 419-1 (초곡리),054-481-0572,,,0,공설,15,15,2,미설치,미설치,미설치,미설치,미설치
경상북도,칠곡군,극락사추모원 하늘정원,경상북도 칠곡군 지천면 창평로 415 (창평리),054-977-2223,,,0,사설,0,0,0,미설치,미설치,미설치,미설치,미설치
경상북도,포항시,금강사추모관,경상북도 포항시 북구 침촌마을길 213-7 (양덕동),054-253-3398,,,0,사설,0,0,0,미설치,미설치,미설치,미설치,미설치
경상북도,김천시,금릉공원묘원 제1봉안당,경상북도 김천시 봉산면 광천4길 155-200 (광천리),054-430-0333,,www.grpark.co.kr,100,사설,99,99,99,설치,설치,설치,설치,설치
경상북도,김천시,김천시립추모공원(봉안당),경상북도 김천시 봉산면 영남대로 431 (신암리),054-421-1616,054-437-1820,https://www.gcfmc.or.kr/gc_memorialpark/page/10014/10008.tc,307,공설,15,2,0,설치,미설치,설치,설치,미설치
경상북도,김천시,김천추모공원,경상북도 김천시 농공단지길 20-26 (신음동),054-437-3119,,gimcheonpark.co.kr/,0,사설,0,0,0,미설치,설치,설치,설치,설치
경상북도,영천시,나자렛집,경상북도 영천시 화산면 가일길 118 (연계리),054-033-0125,,,0,사설,0,0,0,미설치,미설치,미설치,미설치,미설치
경상북도,청도군,대국사,"경상북도 청도군 금천면 소천길 68 (사전리, 대국사)",054-371-0101,,,100,사설,0,0,0,설치,설치,설치,설치,미설치
경상북도,영천시,대승불교법왕종 한광사,"경상북도 영천시 신녕면 권응수길 126 (화남리, 한광사)",054-336-3533,,,0,사설,0,0,0,미설치,미설치,미설치,미설치,미설치
경상북도,경주시,대원사추모공원 봉안당,"경상북도 경주시 양남면 명주길 864-5 (효동리, 대원사)",054-743-1944,,www.daeonesa.com ,0,사설,99,99,99,미설치,미설치,미설치,미설치,미설치
경상북도,경주시,대한불교조계종 무일선원,"경상북도 경주시 감포읍 회곡길 127(대본리, 관음사)",054-753-8228,,,0,사설,0,0,0,미설치,미설치,미설치,미설치,미설치
경상북도,영천시,대현사 추모관,경상북도 영천시 금호읍 사근달길 137 (대현사 추모관),054-331-1525,054-337-1525,,50,사설,0,0,0,미설치,미설치,설치,미설치,미설치
경상북도,청도군,동국사 영가추모관,경상북도 청도군 각남면 옥산길 248-283 (옥산리),054-373-0072,,,0,사설,0,0,0,미설치,미설치,미설치,미설치,미설치
경상북도,포항시,무량사추모관,경상북도 포항시 북구 흥해읍 동해대로1393번길 111-99 (초곡리),054-261-7737,,,0,사설,0,0,0,미설치,미설치,미설치,미설치,미설치
경상북도,영천시,보국사 봉안당,"경상북도 영천시 유삼길 67 (채신동, 보국사)",054-337-6500,,,0,사설,0,0,0,미설치,미설치,미설치,미설치,미설치
경상북도,경주시,보은사납골당,경상북도 경주시 건천읍 단석로 1803-86 (송선리),054-751-9667,,,0,사설,0,0,0,미설치,미설치,미설치,미설치,미설치
경상북도,청도군,보현사 무량수공원,"경상북도 청도군 청도읍 앞산공원길 14 (고수리, 보현사)",054-372-1434,,,0,사설,0,0,0,미설치,미설치,미설치,미설치,미설치
경상북도,성주군,삼광사추모공원 봉안당,"경상북도 성주군 월항면 지산로 208 (지방리, 삼광사)",054-971-5669,,samgwangsa.co.kr,200,사설,70,0,0,설치,미설치,설치,미설치,미설치
경상북도,성주군,삼광사추모공원 봉안탑,"경상북도 성주군 월항면 지산로 208 (지방리, 삼광사)",054-971-5669,,,0,사설,0,0,0,미설치,미설치,미설치,미설치,미설치
경상북도,성주군,삼광사추모공원 아미타봉안탑,"경상북도 성주군 월항면 지산로 208 (지방리, 삼광사)",054-971-5669,,,0,사설,0,0,0,미설치,미설치,미설치,미설치,미설치
경상북도,경산시,삼성사 봉안당,경상북도 경산시 상대로 423 (유곡동),053-856-1110,,,0,사설,0,0,0,미설치,미설치,미설치,미설치,미설치
경상북도,영천시,생활불교밝은마음 봉안탑,"경상북도 영천시 화북면 탑들소일길 232 (죽전리, 덕흥사)",054-336-7126,,,0,사설,0,0,0,미설치,미설치,미설치,미설치,미설치
경상북도,경산시,석장사 봉안당,경상북도 경산시 용성면 구룡마을길 90 (매남리),053-857-2225,,,0,사설,0,0,0,미설치,미설치,미설치,미설치,미설치
경상북도,영주시,실로암추모관,경상북도 영주시 평은면 녹지로 216 (지곡리),054-382-8845,,,0,사설,0,0,0,미설치,미설치,미설치,미설치,미설치
경상북도,문경시,쌍용사 봉안당,"경상북도 문경시 농암면 칠봉로 755 (율수리, 쌍용사)",054-541-6753,,,100,사설,99,99,99,미설치,미설치,설치,설치,미설치
경상북도,문경시,쌍용사 봉안탑,"경상북도 문경시 농암면 칠봉로 755 (율수리, 쌍용사)",054-541-6753,,,100,사설,99,99,99,미설치,미설치,설치,설치,미설치
경상북도,안동시,안동하늘공원,"경상북도 안동시 임하면 고곡길 327 (고곡리, 안동하늘공원)",054-823-1090,,,50,공설,10,10,99,미설치,미설치,설치,미설치,미설치
경상북도,문경시,약사사 하늘재추모원 ,경상북도 문경시 문경읍 관음2길 89 (관음리),054-572-3942,,www.skyzone.co.kr,50,사설,99,0,0,미설치,미설치,설치,설치,설치
경상북도,영천시,영천성당 봉안담,경상북도 영천시 금호읍 원제리 74 천주교 영천성당 봉안담,054-338-3381,054-338-3385,,15,사설,30,30,1,미설치,미설치,설치,미설치,미설치
경상북도,포항시,용암사 봉안시설,경상북도 포항시 남구 대송면 장동홍계길 321-37 (홍계리),,,,0,사설,0,0,0,미설치,미설치,미설치,미설치,미설치
경상북도,칠곡군,용운사 납골당,경상북도 칠곡군 동명면 득명2길 110 (득명리),054-973-3677,,,0,사설,0,0,0,미설치,미설치,미설치,미설치,미설치
경상북도,경주시,용주사 봉안당,경상북도 경주시 서면 하늘마루길 328 (도리),054-753-5678,,blog.naver.com/yongjusa5678,0,사설,99,0,99,미설치,미설치,설치,설치,미설치
경상북도,안동시,우각사 봉안당,경상북도 안동시 풍산읍 죽전길 139-75 (죽전리),054-842-3996,,,0,사설,0,0,0,미설치,미설치,미설치,미설치,미설치
경상북도,울진군,우리추모공원 봉안당,"경상북도 울진군 기성면 기성로 912-24 (사동리, 영명사)",054-788-9790,,,0,사설,0,0,0,미설치,미설치,설치,미설치,미설치
경상북도,울진군,우리추모공원 봉안탑,"경상북도 울진군 기성면 기성로 912-24 (사동리, 영명사)",054-788-9790,,,0,사설,0,0,0,미설치,미설치,미설치,미설치,미설치
경상북도,울릉군,울릉하늘섬공원,경상북도 울릉군 서면 태하령길 314 (남서리),054-791-1888,,,0,공설,0,0,0,설치,설치,설치,설치,미설치
경상북도,울진군,울진군립추모원(봉안시설),경상북도 울진군 울진읍 대흥신림로 1046-261 (신림리),054-789-6109,054-789-3640,,85,공설,30,30,1,미설치,미설치,미설치,미설치,미설치
경상북도,포항시 남구,원진사 봉안당,경상북도 포항시 남구 동해면 금광로438번길 108 (신정리),054-274-9443,,,0,사설,0,0,0,미설치,미설치,미설치,미설치,미설치
경상북도,영천시,일승종개원사 봉안당,경상북도 영천시 신녕면 장수로 2238-28 (화남리),,,,0,사설,0,0,0,미설치,미설치,미설치,미설치,미설치
경상북도,청도군,재단법인 효천추모공원,경상북도 청도군 매전면 중앙로 84-500 (송원리),054-372-8900,,,0,사설,0,0,0,미설치,미설치,미설치,미설치,미설치
경상북도,영천시,정안사 봉안탑,경상북도 영천시 신녕면 치산관광길 33-101 (치산리),,,,0,사설,0,0,0,미설치,미설치,미설치,미설치,미설치
경상북도,경주시,진목정성지 하늘원,경상북도 경주시 산내면 수의길 192 (내일리),054-751-6488,,,0,사설,30,0,0,설치,미설치,설치,설치,미설치
경상북도,구미시,천생산 대원사 봉안당,"경상북도 구미시 인동49길 16-35 (구평동, 천생산대원사)",054-475-7108,,,0,사설,0,0,0,미설치,미설치,미설치,미설치,미설치
경상북도,포항시 북구,천주교 대구교구 죽도성당,경상북도 포항시 북구 죽도로 20 (죽도동),054-273-3441,,,0,사설,0,0,0,미설치,미설치,미설치,미설치,미설치
경상북도,예천군,천주교안동교구 봉안경당,"경상북도 예천군 지보면 지풍로 983-41 (암천리, 농은수련관)",054-655-1781,,안동봉안경당.com,0,사설,20,99,99,미설치,미설치,설치,설치,설치
경상북도,문경시,천주사 영탑공원,"경상북도 문경시 동로면 천주사길 108 (간송리, 천주사)",054-553-0336,,,50,사설,99,0,0,설치,설치,설치,설치,설치
경상북도,영주시,천태사추모공원,경상북도 영주시 순흥면 태장로 179-27 (태장리),054-635-2909,,,0,사설,0,0,0,미설치,미설치,미설치,미설치,미설치
경상북도,영천시,청통추모관,경상북도 영천시 청통면 구정길 53-56 (죽정리),054-331-1881,054-331-6776,,200,사설,99,99,99,미설치,미설치,설치,설치,미설치
경상북도,칠곡군,칠곡군공설봉안당,경상북도 칠곡군 지천면 낙산로1길 127-33 (낙산리),053-312-1755,,,0,공설,0,0,0,미설치,미설치,미설치,미설치,미설치
경상북도,칠곡군,현대공원 추모의집,경상북도 칠곡군 동명면 다부거문1길 51-75 (가천리),054-972-6375,,www.hdpark.co.kr,70,사설,10,50,0,미설치,미설치,설치,설치,미설치
경상남도,의령군,(재)동산공원묘원 봉안당,경상남도 의령군 부림면 함의로 2180-269 (경산리),055-574-8181,,,0,사설,0,0,0,설치,미설치,설치,미설치,미설치
경상남도,밀양시,(재)만어추모공원 봉안당,경상남도 밀양시 삼랑진읍 단장로 439 (우곡리),055-356-4979,055-356-4939,www.maneopark.com,0,사설,99,0,0,설치,설치,설치,설치,설치
경상남도,밀양시,(재)밀양추모공원묘원,경상남도 밀양시 무안면 창밀로 2890-150 (운정리),070-8230-1009,,,50,사설,99,99,99,설치,설치,설치,설치,설치
경상남도,밀양시,(재)밀양추모공원묘원 봉안담,경상남도 밀양시 무안면 창밀로 2890-150,070-8230-1009,,,0,사설,0,0,0,미설치,미설치,미설치,미설치,미설치
경상남도,김해시,(재)신어공원추모관,경상남도 김해시 상동면 소락로 23 신어공원추모관,055-329-4844,055-329-4853,wwwsineoparkcokr ,450,사설,99,99,99,미설치,설치,설치,미설치,미설치
경상남도,거창군,가북공설공원묘지 봉안당,경상남도 거창군 가북면 용암리 산125,055-940-3124,,,0,공설,0,0,0,미설치,미설치,미설치,미설치,미설치
경상남도,거창군,가조공설공원묘지 봉안당,경상남도 거창군 가조면 일부리 산5,055-940-7823,,,0,공설,0,0,0,미설치,미설치,미설치,미설치,미설치
경상남도,진주시,감로복지원 진주추모공원,경상남도 진주시 대평면 원당길158번길 6 (당촌리),055-758-0090,,blog.naver.com/gamro1002,0,사설,15,15,4,설치,설치,설치,설치,설치
경상남도,거제시,거제시추모의집,경상남도 거제시 사등면 지석로 219-38 (지석리),055-639-8350,070-7614-3095,www.gmdc.co.kr/_chumo/,0,공설,15,15,1,미설치,미설치,설치,설치,미설치
경상남도,거창군,거창공설공원묘지 봉안당,경상남도 거창군 거창읍 거열로4길 523-23 (가지리),055-940-7271,,,0,공설,0,0,0,미설치,미설치,미설치,미설치,미설치
경상남도,고성군,고성군공설봉안당,경상남도 고성군 상리면 장치로 220-163 (자은리),055-670-2923,,,0,공설,15,15,3,미설치,미설치,설치,설치,미설치
경상남도,거창군,고제공설공원묘지 봉안당,경상남도 거창군 고제면 봉산리 1309,055-940-3124,,,0,공설,0,0,0,미설치,미설치,미설치,미설치,미설치
경상남도,양산시,광천사 봉안당,경상남도 양산시 하북면 백록로 116 (백록리),055-381-1199,,,80,사설,99,0,0,미설치,미설치,미설치,미설치,미설치
경상남도,사천시,국원하늘정원,"경상남도 사천시 곤명면 막골길 267-195 (마곡리, 은적납골공원)",055-853-9004,,,25,사설,99,99,99,설치,미설치,설치,설치,미설치
경상남도,하동군,금오영당,경상남도 하동군 진교면 달구지길 95-5 (술상리),055-883-9508,,,50,공설,15,0,0,미설치,미설치,설치,설치,설치
경상남도,김해시,김해추모의집 제1봉안당,경상남도 김해시 주촌면 서부로1637번길 574 (덕암리),055-337-3946,,https://www.gimhaememorialpark.or.kr/www/facilities_guide/guide1.html,0,공설,0,0,0,설치,미설치,설치,설치,미설치
경상남도,김해시,김해추모의집 제2봉안당,경상남도 김해시 주촌면 서부로1637번길 574 (덕암리),055-337-3946,,,0,공설,15,15,2,미설치,미설치,미설치,미설치,미설치
경상남도,김해시,김해하늘공원(봉안),경상남도 김해시 생림면 생림대로928번길 10-91 (봉림리),055-335-9716,,www.gimhaeskypark.com,0,사설,99,99,99,미설치,설치,설치,미설치,미설치
경상남도,거창군,남상공설공원묘지 봉안당,경상남도 거창군 남상면 무촌리 산253,055-940-3124,,,0,공설,0,0,0,미설치,미설치,미설치,미설치,미설치
경상남도,남해군,남해추모누리 안락원,"경상남도 남해군 서면 연죽로 46-77 (연죽리, 남해공설종합묘원추모누리)",055-860-3681,,https://www.namhae.go.kr/depart/Index.do?c=DE0202010300,100,공설,60,0,0,설치,설치,설치,설치,설치
경상남도,남해군,남해추모누리 안락원 봉안담,"경상남도 남해군 서면 연죽로 46-77 (연죽리, 남해공설종합묘원추모누리)",055-860-3681,055-860-3681,,0,공설,0,0,0,미설치,미설치,미설치,미설치,미설치
경상남도,창원시 의창구,내광사 봉안당,경상남도 창원시 의창구 동읍 의창대로491번길 150 (용강리),055-251-3925,,,0,사설,0,0,0,미설치,미설치,미설치,미설치,미설치
경상남도,김해시,대법륜사 극락전,경상남도 김해시 금관대로 1088-28 (흥동),055-322-5457,,,0,사설,0,0,0,미설치,미설치,미설치,미설치,미설치
경상남도,사천시,대한불교관음회조계종 백천사 봉안당,"경상남도 사천시 백천길 326-2 (백천동, 백천사)",055-834-4010,,www.bekchunsa.org,100,사설,99,99,99,설치,설치,설치,미설치,미설치
경상남도,사천시,대한불교관음회조계종 백천사 봉안탑,"경상남도 사천시 백천길 326-2 (백천동, 백천사)",055-834-4010,,www.bekchunsa.org/,100,사설,99,99,99,설치,설치,설치,미설치,미설치
경상남도,양산시,대한불교염불선종운수사사홍선원,경상남도 양산시 원동면 원동로 1168-61 (서룡리),055-363-7960,,,30,사설,10,1,0,설치,설치,설치,설치,설치
경상남도,밀양시,대한불교조계종 삼봉사 봉안당,경상남도 밀양시 삼랑진읍 단장로 379-8 (우곡리),1577-3444,055-356-0125,www.sbsmpark.com,80,사설,99,99,99,미설치,미설치,설치,설치,설치
경상남도,밀양시,대한불교조계종 천탑사(봉안당),경상남도 밀양시 삼랑진읍 화성길 13-47 (미전리),055-351-4440,,www.greenpiapark.co.kr,60,사설,60,0,0,미설치,미설치,설치,설치,미설치
경상남도,함안군,마애사방어암,"경상남도 함안군 군북면 하림2길 181-78 (하림리, 마애사)",055-585-5114,,,0,사설,0,0,0,미설치,미설치,미설치,미설치,미설치
경상남도,창원시 마산합포구,만월사,경상남도 창원시 마산합포구 구산면 수정2길 53-400 (수정리),055-221-6327,,,30,사설,99,99,99,미설치,미설치,설치,설치,미설치
경상남도,사천시,묘통사 납골공원,경상남도 사천시 곤명면 세종태실로 106 (은사리),055-855-4050,,www.myotongsa.co.kr,0,사설,0,0,0,설치,미설치,설치,설치,설치
경상남도,함안군,미래사,"경상남도 함안군 여항면 여항로 75 (외암리, 미륵정사)",055-583-5637,,,30,사설,0,0,0,미설치,미설치,설치,설치,미설치
경상남도,밀양시,밀양성당 천상낙원,경상남도 밀양시 밀양대공원로 74 (교동),055-356-4023,,milyang.pbcbs.co.kr/main/index.asp,80,사설,15,0,0,미설치,미설치,설치,설치,미설치
경상남도,창원시 마산합포구,법계사 봉안묘,경상남도 창원시 마산합포구 진전면 옥방내동길 215-25 (여양리),,,,0,사설,0,0,0,미설치,미설치,미설치,미설치,미설치
경상남도,창원시 마산합포구,법지사,경상남도 창원시 마산합포구 구산면 유산군령로 105 (유산리),055-221-6333,,www.bubjisa.net/main.htm,0,사설,0,0,0,미설치,미설치,미설치,미설치,미설치
경상남도,김해시,봉안당에데나(낙원추모공원),경상남도 김해시 한림면 김해대로1402번길 148 (신천리),055-343-0656,,www.edena.co.kr,300,사설,99,99,99,설치,설치,설치,설치,설치
경상남도,사천시,불교문화단체총연합회 봉안당,"경상남도 사천시 백천길 326-2 (백천동, 백천사)",055-834-4041,055-835-4271,,50,사설,99,99,99,설치,설치,설치,미설치,미설치
경상남도,김해시,불조사 휴안추모관,"경상남도 김해시 상동면 상동로 178-54 (우계리, 불조사)",055-724-3341,,,80,사설,0,0,0,설치,미설치,설치,설치,미설치
경상남도,사천시,사천시누리원(봉안시설),"경상남도 사천시 해안관광로 208-66 (송포동, 사천공설화장장)",055-831-4590,055-831-6112,https://youthsacheon.com/funeral_main.html,0,공설,15,15,3,설치,미설치,설치,설치,미설치
경상남도,산청군,산청군공설묘지 본향원,"경상남도 산청군 신등면 신등가회로 357-17 (가술리, 본향원)",055-973-2491,,,50,공설,30,0,1,설치,미설치,설치,미설치,설치
경상남도,산청군,산청군공설묘지 봉안묘,"경상남도 산청군 신등면 신등가회로 357-17 (가술리, 본향원)",055-973-2491,,,0,공설,0,0,0,미설치,미설치,미설치,미설치,미설치
경상남도,거제시,삼우추모공원,경상남도 거제시 장목면 거제북로 919 (장목리),055-730-9678,,m.blog.naver.com/PostView.naver?blogId=jiinni1&logNo=223662143819&navType=by,50,사설,99,99,99,미설치,미설치,설치,설치,설치
경상남도,함안군,선약사,경상남도 함안군 산인면 싸리재로 34-2 (운곡리),055-584-6660,,www.sunyaksa.co.kr,50,사설,0,0,0,설치,미설치,설치,설치,미설치
경상남도,의령군,수암사 영혼의쉼터,경상남도 의령군 의령읍 수암로 267 (하리),055-574-0056,,,100,사설,99,99,0,미설치,미설치,설치,미설치,미설치
경상남도,양산시,신불산추모공원 납골당,경상남도 양산시 어실로 602-1 (어곡동),055-363-4666,055-363-0590,www.sbjs.kr/,55,사설,99,99,99,미설치,미설치,설치,설치,미설치
경상남도,통영시,안정사 납골당,경상남도 통영시 광도면 안정1길 363 (안정리),055-649-7175,,,0,사설,0,0,0,미설치,미설치,미설치,미설치,미설치
경상남도,양산시,양산 석굴암 극락전 추모관,"경상남도 양산시 호계길 96-71 (호계동, 석굴암)",055-388-0317,055-381-3221,,20,사설,99,99,99,미설치,미설치,설치,미설치,미설치
경상남도,진주시,영광사불지원,"경상남도 진주시 명석면 진주대로 1764-31 (우수리, 영광사)",055-742-3470,,,0,사설,0,0,0,미설치,미설치,미설치,미설치,미설치
경상남도,창원시 마산합포구,용광사,"경상남도 창원시 마산합포구 진북면 진북산업로 780 (정현리, 용광사)",055-271-0688,,,24,사설,0,0,0,미설치,미설치,설치,미설치,미설치
경상남도,통영시,용봉사 납골당,경상남도 통영시 광도면 향교옆길 71-26 (죽림리),055-649-5959,,,0,사설,0,0,0,미설치,미설치,미설치,미설치,미설치
경상남도,창원시 의창구,용주사 봉안당,경상남도 창원시 의창구 동읍 의창대로491번길 176 (용강리),055-251-7542,,,0,사설,0,0,0,미설치,미설치,미설치,미설치,미설치
경상남도,거창군,월평공설공원묘지 봉안당,경상남도 거창군 남상면 월평리 산201,055-940-3124,,,0,공설,0,0,0,미설치,미설치,미설치,미설치,미설치
경상남도,의령군,의령군공설납골당,"경상남도 의령군 정곡면 법정로 580-9 (예둔리, 공설묘원)",055-574-0694,,,0,공설,0,0,0,설치,미설치,설치,설치,미설치
경상남도,거제시,이진암 안양원,경상남도 거제시 일운면 옥녀봉길 48 (옥림리),055-681-3569,,,50,사설,99,99,99,미설치,미설치,설치,미설치,미설치
경상남도,고성군,장기공설봉안묘,경상남도 고성군 동해면 동해로 1236 (장기리),055-670-2923,,,0,공설,0,0,0,미설치,미설치,미설치,미설치,미설치
경상남도,밀양시,정토세계,경상남도 밀양시 삼랑진읍 삼랑진로 603 (미전리),055-352-9114,,,10,사설,99,99,99,설치,미설치,설치,미설치,미설치
경상남도,의령군,정통불교조계종 총본산 세원사,경상남도 의령군 칠곡면 칠곡로1길 56세원사 (도산리),070-8816-1002,,,20,사설,99,99,99,미설치,미설치,설치,미설치,미설치
경상남도,진주시,진주내동공원묘원 봉안당,"경상남도 진주시 내동면 유수길75번길 8-214 (유수리, 진주내동공동묘원)",055-756-1500,,,0,사설,0,0,0,미설치,미설치,미설치,미설치,미설치
경상남도,진주시,진주안락공원 추모당,"경상남도 진주시 진산로 141-42 (장재동, 진주시안락공원)",055-759-3672,,,0,공설,15,15,3,설치,미설치,설치,설치,미설치
경상남도,창녕군,창녕추모공원,"경상남도 창녕군 창녕읍 탐하로 203 (술정리, 창녕군추모공원)",055-533-2719,,cfmc.kr/sub.html?code=03_05&Radd=03_05,92,공설,15,15,3,미설치,미설치,설치,미설치,미설치
경상남도,창원시 마산합포구,창원공원묘원 봉안묘,경상남도 창원시 마산합포구 진동면 공원묘원로 134 (인곡리),055-271-1700,,,0,사설,0,0,0,미설치,미설치,미설치,미설치,미설치
경상남도,창원시 마산합포구,창원공원묘원 봉안시설,경상남도 창원시 마산합포구 진동면 공원묘원로 134 (인곡리),055-271-1700,055-271-3545,www.changwonpark.kr,"3,800",사설,99,0,99,미설치,설치,설치,미설치,미설치
경상남도,창원시 의창구,창원무량사 납골당 ,경상남도 창원시 의창구 북면 무릉산길 126 (무곡리),055-253-1808,,,0,사설,0,0,0,미설치,미설치,미설치,미설치,미설치
경상남도,창원시 마산합포구,창원시립마산영생원,"경상남도 창원시 마산합포구 진동면 공원묘원로 136-106 (인곡리, 영생원)",055-712-0225,,https://www.cwsisul.or.kr/_masanch/_sub01/sub01_01.html,0,공설,15,15,3,미설치,미설치,설치,설치,미설치
경상남도,창원시 성산구,창원시립상복공원 봉안담,"경상남도 창원시 성산구 공단로474번길 160 (상복동, 창원시립상복공원)",055-712-0925,,https://www.cwsisul.or.kr/_sangbok/_sub02/sub02_03_01.html,0,공설,0,0,0,미설치,미설치,미설치,미설치,미설치
경상남도,창원시 성산구,창원시립상복공원 제1봉안당,"경상남도 창원시 성산구 공단로474번길 160 (상복동, 창원시립상복공원)",055-712-0925,,https://www.cwsisul.or.kr/_sangbok/_sub02/sub02_03_01.html,450,공설,15,15,3,설치,설치,설치,설치,설치
경상남도,창원시 성산구,창원시립상복공원 제2봉안당,"경상남도 창원시 성산구 공단로474번길 160 (상복동, 창원시립상복공원)",055-712-0925,,https://www.cwsisul.or.kr/_sangbok/_sub02/sub02_03_01.html,0,공설,0,0,0,미설치,미설치,미설치,미설치,미설치
경상남도,창원시,창원시립상복공원 제3봉안당,"경상남도 창원시 성산구 공단로474번길 160 (상복동, 창원시립상복공원)",055-712-0114,,https://www.cwsisul.or.kr/_sangbok/index.php,0,공설,0,0,0,미설치,미설치,미설치,미설치,미설치
경상남도,창원시 진해구,창원시립진해천자원,경상남도 창원시 진해구 진해대로 1426-51 (제덕동),055-712-0844,,https://www.cwsisul.or.kr/_jinhaech/_sub01/sub01_01.html,100,공설,15,15,3,미설치,미설치,설치,미설치,미설치
경상남도,양산시,천불사 극락원,경상남도 양산시 매곡4길 35 (매곡동),055-372-1800,055-388-4801,,0,사설,0,0,0,미설치,미설치,미설치,미설치,미설치
경상남도,양산시,천불사 봉안탑,경상남도 양산시 매곡4길 35 (매곡동),055-372-1800,055-388-4801,,0,사설,0,0,0,미설치,미설치,미설치,미설치,미설치
경상남도,고성군,천비룡사,경상남도 고성군 대가면 유흥갈천길 540-52 (척정리),,,,0,사설,0,0,0,미설치,미설치,미설치,미설치,미설치
경상남도,창원시 진해구,천자봉공원묘원 봉안묘,"경상남도 창원시 진해구 진해대로 1426-48 (서중동, 천자봉공원묘원관리사무실)",055-545-8200,,,0,사설,0,0,0,미설치,미설치,미설치,미설치,미설치
경상남도,양산시,천주교하늘공원 봉안당,"경상남도 양산시 상북면 공원로3길 19 (상삼리, 추모관)",055-374-8733,,www.catholicbusan.or.kr/index.php?mid=hanul_main,0,사설,30,30,1,미설치,미설치,설치,미설치,미설치
경상남도,양산시,천주교하늘공원 봉안묘·담,"경상남도 양산시 상북면 공원로3길 19 (상삼리, 추모관)",053-374-8733,,www.catholicbusan.or.kr/index.php?mid=hanul_main,0,사설,0,0,0,미설치,미설치,미설치,미설치,미설치
경상남도,통영시,통영시공설봉안당 제1관,경상남도 통영시 장대길 144 (정량동),055-650-4883,,,10,공설,15,15,1,미설치,미설치,설치,설치,설치
경상남도,통영시,통영시공설봉안당 제2관,경상남도 통영시 장대길 144 (정량동),055-650-4883,,,10,공설,0,0,0,미설치,미설치,설치,설치,미설치
경상남도,진주시,프란치스꼬의집,경상남도 진주시 문산읍 상문리 169-2,055-759-2274,,,0,사설,0,0,0,설치,미설치,설치,설치,미설치
경상남도,하동군,하동영신원,경상남도 하동군 적량면 동산리 368-5,,,,0,사설,0,0,0,미설치,미설치,미설치,미설치,미설치
경상남도,거창군,학천사 봉안당,"경상남도 거창군 가조면 기리5길 15 (기리, 학천사)",055-945-1114,,,0,사설,0,0,0,미설치,미설치,미설치,미설치,미설치
경상남도,함안군,함안군공설 봉안당,경상남도 함안군 군북면 하림리 하림2길181-78 (마애사),055-585-5114,055-584-2102,,0,공설,15,15,3,미설치,미설치,설치,미설치,미설치
경상남도,함안군,함안하늘공원(봉안담),"경상남도 함안군 가야읍 함마대로 1145 (사내리, 함안하늘공원)",055-585-7182,055-585-7185,,0,공설,0,0,0,미설치,미설치,미설치,미설치,미설치
경상남도,함양군,함양군구룡공설공원묘지 봉안탑,경상남도 함양군 함양읍 구룡리 산11,055-960-5145,,,5,공설,15,15,3,미설치,미설치,설치,미설치,미설치
경상남도,함양군,함양하늘공원(봉안시설),"경상남도 함양군 지곡면 함양로 2139-2 (마산리, 하늘공원)",055-964-0303,,www.parksky.co.kr,0,사설,10,10,99,설치,미설치,설치,설치,미설치
경상남도,합천군,합천군공설봉안담,경상남도 합천군 율곡면 제내리 산45,055-930-4745,,,0,공설,0,0,0,미설치,미설치,미설치,미설치,미설치
경상남도,합천군,합천추모공원 봉안당 ,경상남도 합천군 합천읍 합천호수로 1633 (합천리),055-931-4000,,www.hcpark.kr,100,사설,99,99,99,미설치,설치,설치,설치,설치
경상남도,거창군,해인사 고불암무량수전,경상남도 거창군 가북면 용암리 2184,055-934-0127,,,0,사설,0,0,0,미설치,미설치,미설치,미설치,미설치
경상남도,밀양시,효심추모관,경상남도 밀양시 삼랑진읍 삼랑진로 605 (미전리),02-1644-1103,,hyosimchoomo.com,120,사설,99,99,99,미설치,설치,설치,설치,설치
제주특별자치도,제주시,구좌읍 공설봉안묘(만장),제주특별자치도 제주시 구좌읍 송당리 54-1,064-728-7723,,,0,공설,0,0,0,미설치,미설치,미설치,미설치,미설치
제주특별자치도,서귀포시,남국선원봉안탑,제주특별자치도 서귀포시 돈내코로 296-127 (상효동),064-733-2278,,,0,사설,0,0,0,미설치,미설치,설치,미설치,설치
제주특별자치도,서귀포시,대정읍봉안당(만장),제주특별자치도 서귀포시 대정읍 일주서로2498번길 133-45 (보성리),064-760-4031,,https://www.jeju.go.kr/wel/burial/sirBurial.htm,0,공설,0,0,0,미설치,미설치,미설치,미설치,미설치
제주특별자치도,서귀포시,만불사,제주특별자치도 서귀포시 안덕면 산록남로 513-62 (광평리),064-794-9899,,www.jj-mbs.com,20,사설,99,99,99,미설치,미설치,설치,설치,설치
제주특별자치도,서귀포시,서귀포추모공원,"제주특별자치도 서귀포시 돈내코로 295-28 (상효동, 공설봉안당)",064-732-1893,,www.jeju.go.kr/wel/burial/facInfo/chumo/enshrinementInfo.htm,30,공설,15,15,3,미설치,미설치,설치,설치,설치
제주특별자치도,서귀포시,성산읍공설봉안당,제주특별자치도 서귀포시 성산읍 금백조로 548 (수산리),064-760-4234,,https://www.seogwipo.go.kr/local/seongsan/intro/public.htm,30,공설,15,15,3,설치,미설치,설치,설치,미설치
제주특별자치도,서귀포시,성산읍공설봉안당 제2관,제주특별자치도 서귀포시 성산읍 금백조로 548 (수산리),064-760-4234,064-760-4234,,0,공설,0,0,0,미설치,미설치,미설치,미설치,미설치
제주특별자치도,제주시,애월읍 공설봉안묘(만장),제주특별자치도 제주시 애월읍 고성리 산103,064-728-8821,,,0,공설,0,0,0,미설치,미설치,미설치,미설치,미설치
제주특별자치도,제주시,양지공원 제1추모의집,"제주특별자치도 제주시 516로 2810-31 (영평동, 양지공원)",064-710-6622,,www.jeju.go.kr/wel/burial/facInfo/yangji/facInfo.htm,180,공설,15,15,3,미설치,설치,설치,설치,설치
제주특별자치도,제주시,양지공원 제2추모의집,"제주특별자치도 제주시 516로 2810-31 (영평동, 양지공원)",064-710-6622,,www.jeju.go.kr/wel/burial/facInfo/yangji/facInfo.htm,180,공설,15,15,3,미설치,설치,설치,설치,설치
제주특별자치도,제주시,양지공원 제3추모의집,"제주특별자치도 제주시 516로 2810-31 (영평동, 양지공원)",064-710-6622,,www.jeju.go.kr/wel/burial/facInfo/yangji/facInfo.htm,0,공설,0,0,0,미설치,미설치,미설치,미설치,미설치
제주특별자치도,제주시,연화원 봉안당,제주특별자치도 제주시 1100로 2528-111 (노형동),064-746-0070,,,0,사설,0,0,0,미설치,미설치,미설치,미설치,미설치
제주특별자치도,제주시,영락원 봉안당,제주특별자치도 제주시 산록북로 660 (아라일동),064-759-6666,,http://wwwyoungrakwoncokr/indexphp,40,사설,0,0,0,미설치,미설치,미설치,미설치,미설치
제주특별자치도,제주시,우도면 공설봉안묘,"제주특별자치도 제주시 우도면 영일길 80-10 (연평리, 우도장례식장)",064-728-4331,,,0,공설,0,0,0,미설치,미설치,미설치,미설치,미설치
제주특별자치도,제주시,우도면 봉안당,"제주특별자치도 제주시 우도면 영일길 80-10 (연평리, 우도장례식장)",064-728-4331,064-728-4359,,0,공설,15,15,3,미설치,미설치,미설치,미설치,미설치
제주특별자치도,제주시,조천읍 공설봉안묘(만장),제주특별자치도 제주시 조천읍 선흘리 4117,064-728-7832,,,0,공설,0,0,0,미설치,미설치,미설치,미설치,미설치
제주특별자치도,제주시,천주교 황사평 봉안묘,제주특별자치도 제주시 기와5길 117-22 (화북이동),064-751-0145,,,0,사설,0,0,0,미설치,미설치,설치,미설치,미설치
제주특별자치도,제주시,충혼각,"제주특별자치도 제주시 1100로 2576-10 (노형동, 충혼각)",064-710-6622,,,0,공설,0,0,0,미설치,미설치,미설치,미설치,미설치
제주특별자치도,서귀포시,표선면봉안당,제주특별자치도 서귀포시 표선면 서성일로189번길 313 (성읍리),064-760-4431,,https://www.jeju.go.kr/wel/burial/sirBurial.htm,0,공설,0,0,0,미설치,미설치,설치,설치,미설치
제주특별자치도,제주시,한경면 공설봉안묘(만장),제주특별자치도 제주시 한경면 저지리 산52,064-728-7924,,,0,공설,0,0,0,미설치,미설치,미설치,미설치,미설치
제주특별자치도,제주시,한국불교태고종 극락사 안양원,제주특별자치도 제주시 애월읍 중산간서로 6322 (상귀리),064-713-1682,,,0,사설,60,0,0,미설치,미설치,미설치,미설치,미설치
제주특별자치도,제주시,한라산 옥불사 봉안탑,제주특별자치도 제주시 애월읍 평화로 2016 (소길리),064-799-1783,,,0,사설,0,0,0,미설치,미설치,미설치,미설치,미설치
제주특별자치도,제주시,한림읍 공설봉안묘(만장),제주특별자치도 제주시 한림읍 금악리 8-124,064-728-7626,,,0,공설,0,0,0,미설치,미설치,미설치,미설치,미설치
제주특별자치도,서귀포시,혜관정사 봉안당,"제주특별자치도 서귀포시 서리오름로 10 (보목동, 혜관정사)",064-733-3918,,,0,사설,0,0,0,미설치,미설치,미설치,미설치,미설치
