시도,시군구,시설명,주소,전화번호,팩스주소,홈페이지 주소,주차대수,공-사설 구분,안치능력,식당,매점,주차장,유족대기실,장애인편의시설
서울특별시,서울특별시,용미리 제1묘지 자연장지,경기도 파주시 광탄면 용미리 산107,031-943-1930,031-943-1931,https://www.sisul.or.kr/open_content/memorial/use/nature.jsp,,공설,0,미설치,미설치,미설치,미설치,미설치
대구광역시,군위군,(재)신세계공원묘원(자연장지),대구광역시 군위군 효령면 녹동길 129-190 (장군리),054-382-5250,054-382-9818,,,사설,0,미설치,미설치,미설치,미설치,미설치
대구광역시,대구광역시,대구시립공원묘지(자연장),경상북도 칠곡군 지천면 낙산로 87 (낙산리),053-803-6262,,https://www.law.go.kr/자치법규/대구광역시장사시설의설치및운영조례,,공설,0,미설치,미설치,미설치,미설치,미설치
대구광역시,달성군,대한불교조계종 남지장사,"대구광역시 달성군 가창면 남지장사길 95 (우록리, 남지장사)",053-768-9920,053-768-3334,namgijangsa.or.kr,50,사설,0,미설치,미설치,설치,설치,미설치
인천광역시,강화군,강화해누리공원,인천광역시 강화군 내가면 황청리 산170-1 일원,032-930-7144,032-932-9470,https://www.law.go.kr/자치법규/강화군해누리공원관리및운영조례/,,공설,0,미설치,미설치,미설치,미설치,미설치
인천광역시,옹진군,선재리공설묘지 자연장지,인천광역시 옹진군 영흥면 선재리 산32,032-899-2333,,,,공설,128,미설치,미설치,미설치,미설치,미설치
인천광역시,옹진군,연평리공설묘지 자연장지,인천광역시 옹진군 연평면 연평리 661-5,032-899-2333,,,,공설,104,미설치,미설치,미설치,미설치,미설치
인천광역시,강화군,월곳리 공설자연장지,인천광역시 강화군 강화읍 월곳리 산8,032-934-0003,,,30,공설,1284,미설치,미설치,설치,설치,미설치
인천광역시,옹진군,이작리공설묘지 자연장지,인천광역시 옹진군 자월면 이작리 산289,032-899-2333,,,,공설,90,미설치,미설치,미설치,미설치,미설치
인천광역시,부평구,인천가족공원 자연장지,인천광역시 부평구 평온로 61 (부평동),032-456-2320,032-456-2324,www.insiseol.or.kr/life/family,,공설,6315,설치,설치,설치,설치,설치
인천광역시,옹진군,장봉리공설묘지 자연장지,인천광역시 옹진군 북도면 장봉리 산177,032-899-2333,,,,공설,78,미설치,미설치,미설치,미설치,미설치
광주광역시,북구,광주영락공원 청마루동산,광주광역시 북구 영락공원로 170 (효령동),062-572-4384,062-572-1702,www.cyberyoungrak.or.kr/cms/bbs/dk_content.php?ht_id=cyber_02_4,10,공설,15000,설치,설치,설치,설치,미설치
광주광역시,북구,망월묘지공원(자연장),"광주광역시 북구 민주로 285 (운정동, 망월동묘지공원관리사무소)",062-572-1701,,,,공설,0,미설치,미설치,미설치,미설치,미설치
광주광역시,광산구,목자은혜교회,광주광역시 광산구 송학동 424-1,062-449-4446,,blog.naver.com/888time,10,사설,0,미설치,미설치,설치,설치,미설치
대전광역시,서구,대전추모공원 자연장지,대전광역시 서구 상보안윗길 160 (괴곡동),042-602-2500,042-585-4707,,418,공설,3656,설치,설치,설치,설치,설치
울산광역시,울산광역시,울산하늘공원 자연장지,울산광역시 울주군 삼동면 보삼길 550 (조일리),052-255-3800,052-255-3809,,10,공설,60500,설치,설치,설치,설치,설치
세종특별자치시,세종특별자치시,세종수목장,세종특별자치시 전의면 부거실길 135-11 (달전리),044-864-4746,,www.세종수목장.com,15,사설,2395,미설치,미설치,설치,설치,미설치
세종특별자치시,세종특별자치시,은하수공원 자연장지,"세종특별자치시 정안세종로 1527 (산울동, 은하수공원)",044-850-1340 ,044-863-0764,wwwsjfmcorkr/eunhasudo,20,공설,77701,설치,설치,설치,설치,설치
경기도,양평군,(사)씨앤에이미션 자연장지,경기도 양평군 양동면 다락근이길 57-18 (단석리),031-775-6945,,,,사설,0,미설치,미설치,미설치,미설치,미설치
경기도,평택시,(재)서호추모공원 자연장지,경기도 평택시 청북읍 고렴길 161-12 (고렴리),031-683-4505,,www.seohopark.kr,,사설,524,설치,미설치,설치,설치,설치
경기도,여주시,(재)여주세종추모공원 자연장,경기도 여주시 흥천면 샘다리길 105 (흥천면 상대리 27-6) ,031-886-4060,,www.세종공원.kr,200,사설,8000,미설치,미설치,설치,설치,설치
경기도,남양주시,(재)영락교회공원묘원 자연장지,경기도 남양주시 진건읍 사릉로264번길 140-16 (사능리),031-573-8123,,,,사설,0,미설치,미설치,미설치,미설치,미설치
경기도,용인시,(재)용인공원(자연장),"경기도 용인시 처인구 모현읍 새래로 158-33 (초부리, 용인공원묘지)",031-334-3484,,www.yongin-park.com,2000,사설,65690,설치,설치,설치,미설치,미설치
경기도,용인시,(재)용인추모원 자연장지,"경기도 용인시 기흥구 중부대로 972 (상하동, 재단법인용인추모원)",031-283-1601,,www.yich.co.kr,60,사설,600,미설치,설치,설치,설치,설치
경기도,화성시,(재)효원가족공원 자연장지,경기도 화성시 만세구 향남읍 서봉로755번길 17-15 (동오리),031-354-2325,031-354-2327,,200,사설,540,미설치,설치,설치,미설치,설치
경기도,가평군,가평추모공원 자연장지,"경기도 가평군 가평읍 석봉로191번길 65-84 (읍내리, 가평추모공원)",031-580-2583,,,,공설,0,미설치,미설치,미설치,미설치,미설치
경기도,양평군,갈월사 자연장지,"경기도 양평군 양평읍 충신로324번길 64 (창대리, 갈월사)",031-774-7374,,,,사설,0,미설치,미설치,미설치,미설치,미설치
경기도,양주시,경신하늘뜰공원 자연장지,"경기도 양주시 남면 화합로430번길 98 (경신리, 경신하늘뜰공원)",031-861-5716,,https://www.yangju.go.kr/www/contents.do?key=503,10,공설,2500,미설치,설치,설치,설치,설치
경기도,포천시,광릉추모공원 자연장,경기도 포천시 내촌면 부마로 341 (마명리),031-532-2520,031-534-3116,www.gmemorialpark.com,200,사설,12000,설치,설치,설치,미설치,미설치
경기도,양평군,국립하늘숲추모원,경기도 양평군 양동면 양서동로 372 (계정리),031-775-6637,031-775-6639,sky.fowi.or.kr,200,공설,63150,미설치,미설치,설치,설치,미설치
경기도,김포시,금강사추모공원(자연장지),경기도 김포시 하성면 평화공원로70번길 104-25 (가금리),031-984-6544,,,,사설,20000,설치,미설치,설치,설치,설치
경기도,이천시,금광추모동산,경기도 이천시 설성면 상봉리 3-5,031-731-1004,,,0,사설,0,미설치,미설치,미설치,미설치,미설치
경기도,연천군,기독교대한감리회전곡교회,경기도 연천군 전곡읍 양연로 1591-15전곡감리교회 (전곡리),031-832-3586,,,0,사설,0,미설치,미설치,미설치,미설치,미설치
경기도,안성시,기독교대한성결교회 안성교회 자연장지,경기도 안성시 금광면 조령길 73-117 (삼흥리),031-674-2347,,,15,사설,800,미설치,미설치,설치,설치,미설치
경기도,김포시,김포문수산수목장,경기도 김포시 월곶면 문수산로 8 (포내리),031-985-5155,031-998-5751,www.김포장례서비스협동조합.com,,사설,0,미설치,미설치,미설치,미설치,미설치
경기도,김포시,김포시추모공원 자연장지,경기도 김포시 통진읍 애기봉로571번길 165 (귀전리),031-983-3960,,,10,공설,1130,미설치,미설치,설치,설치,미설치
경기도,포천시,내촌공설자연장지,경기도 포천시 내촌면 작은넙고개길 153 (진목리),031-540-6410,031-538-2269,www.pcuc.kr/open_content/,20,공설,1200,미설치,미설치,설치,미설치,미설치
경기도,양주시,대원정사 자연장지,경기도 양주시 장흥면 권율로309번길 317-214 (석현리),031-855-5501,,,,사설,890,미설치,미설치,미설치,미설치,미설치
경기도,연천군,대한예수교장로회 금호교회 자연장지,경기도 연천군 왕징면 북삼리 263,02-2234-5400,02-2234-1582,,,사설,0,미설치,미설치,미설치,미설치,미설치
경기도,용인시,동화추모공원,경기도 용인시 처인구 백암면 한택로71번길 19 (옥산리),031-337-3324,,,,사설,841,미설치,미설치,미설치,미설치,미설치
경기도,안성시,명성교회 자연장지,경기도 안성시 삼죽면 마전리 132-4,02-486-1004,,,,사설,0,미설치,미설치,미설치,미설치,미설치
경기도,양평군,무궁화공원묘원(자연장지),경기도 양평군 서종면 잠실2길 120 (도장리),031-771-1400,,www.gravepark.co.kr,,사설,0,미설치,미설치,미설치,미설치,미설치
경기도,남양주시,무량수목장,"경기도 남양주시 수동면 비룡로850번길 33 (입석리, 대한불교조계종무량사)",031-594-7970,,,120,사설,3400,미설치,미설치,설치,설치,설치
경기도,양평군,별그리다(별의숲),경기도 양평군 양동면 양동금곡1길 331 (삼산리),031-333-1111,031-774-4710,www.star4ever.com,1300,사설,27269,설치,미설치,설치,설치,설치
경기도,양평군,북한강광명수목장,"경기도 양평군 서종면 북한강로 1138-69 (수입리, 광명사)",031-774-8969,031-774-8969,,30,사설,600,미설치,미설치,설치,미설치,미설치
경기도,광주시,분당추모공원휴(자연장),경기도 광주시 오포로 211-49 (능평동),031-762-3000,,www.huepark.co.kr,204,사설,0,미설치,미설치,설치,설치,미설치
경기도,용인시,불광사 양지수목장,경기도 용인시 처인구 백암면 박곡로208번길 24 (박곡리),031-323-1207,,http://wwwxn--w52bz9kg2c4uc6wdcom/,130,사설,4500,설치,미설치,설치,설치,설치
경기도,김포시,살렘전원그리스도의교회자연장지,경기도 김포시 월곶면 김포대학로 130 (포내리),031-982-6953,,,,사설,0,미설치,미설치,미설치,미설치,미설치
경기도,용인시,샘물호스피스 자연장지,경기도 용인시 처인구 백암면 고안로51번길 112-25 (고안리),031-329-2993,,,,사설,0,미설치,미설치,미설치,미설치,미설치
경기도,양주시,서울신흥교회 하늘계단수목장,경기도 양주시 평화로1261번길 372-146 (산북동),031-821-4242,,,,사설,0,미설치,미설치,미설치,미설치,미설치
경기도,양평군,선연사 자연장지,"경기도 양평군 양평읍 농업기술센터길 19-18 (공흥리, 선연사)",031-774-6656,,,,사설,200,미설치,미설치,미설치,미설치,미설치
경기도,연천군,성아우구스띠노수도회 자연장지,경기도 연천군 왕징면 왕산로 722 (동중리),031-834-1262,,,,사설,0,미설치,미설치,미설치,미설치,미설치
경기도,광주시,소망수양관 자연장지,경기도 광주시 곤지암읍 건업리 54-4,02-512-9191,,,100,사설,33,설치,미설치,설치,미설치,미설치
경기도,연천군,수불사추모공원,"경기도 연천군 청산면 전영로215번길 153-16, 수불사 추모공원 ",031-832-6222,,subulsa.kr/greeting,20,사설,0,미설치,미설치,미설치,미설치,설치
경기도,수원시 영통구,수원시연화장 자연장지,"경기도 수원시 영통구 광교호수로 278 (하동, 수원시연화장)",031-218-6500,031-218-6519,www.suwonudc.co.kr/suwonyhj/mainPage.do,400,공설,6000,미설치,미설치,설치,미설치,미설치
경기도,양평군,시냇가푸른나무교회수목장림,"경기도 양평군 단월면 석산로 513-56(향소리, 숲속작은나라)",02-877-0051,02-874-0589,www.gt21.kr,,사설,0,미설치,미설치,미설치,미설치,미설치
경기도,양주시,신세계공원(자연장),경기도 양주시 장흥면 권율로29번길 170 (일영리),031-855-1241,,,,사설,0,미설치,미설치,미설치,미설치,미설치
경기도,광주시,신월공설자연장지,경기도 광주시 초월읍 신월길 36-18 (신월리),031-767-0383,,www.gumc.or.kr/business/park,24,공설,2167,미설치,미설치,설치,미설치,미설치
경기도,안산시 단원구,쌍계사,"경기도 안산시 단원구 대부황금로 1171 (대부북동, 쌍계사)",032-880-1727,,www.twomemorial.co.kr,100,사설,3500,미설치,미설치,설치,설치,설치
경기도,안성시,안성시추모공원 자연장지,경기도 안성시 미양면 보촌4길 70 (고지리),031-677-9944,031-677-9966,www.asimc.or.kr/chumo,155,공설,0,미설치,미설치,설치,설치,미설치
경기도,안성시,안성제일교회 수목장,경기도 안성시 삼죽면 율곡리 산108-12,031-672-2607,,www.asjch.com,50,사설,1500,미설치,미설치,설치,미설치,미설치
경기도,용인시,약천사,"경기도 용인시 처인구 양지면 양지로63번길 9-18 (양지리, 약천사)",031-338-3362,,,30,사설,40,미설치,미설치,설치,설치,미설치
경기도,안성시,에버그린수목장,경기도 안성시 양성면 남북대로 1698 (동항리),031-673-4785,031-673-4786,www.evergreenpark.co.kr,30,사설,12000,미설치,미설치,설치,설치,미설치
경기도,여주시,여주추모공원 자연장지,경기도 여주시 가남읍 여주남로 769 (본두리),031-880-4061,031-887-2476,www.yeojufmc.or.kr/user/parkingEnvironment/memorialPark.do,137,공설,7008,미설치,설치,설치,미설치,미설치
경기도,가평군,영은교회 자연장지(수목장),경기도 가평군 설악면 설곡리 산 224-8,02-2676-7171,,,,사설,0,미설치,미설치,미설치,미설치,미설치
경기도,가평군,영은교회 자연장지(수목장림),경기도 가평군 설악면 설곡리 산 224-8,02-2676-7171,,,,사설,0,미설치,미설치,미설치,미설치,미설치
경기도,동두천시,예래원(자연장지),경기도 동두천시 탑신로 668 (탑동동),031-867-8707,,www.erehwon.or.kr,200,사설,357,설치,설치,설치,설치,설치
경기도,연천군,오봉사 수목장림,경기도 연천군 연천읍 현문로245번길 384 (고문리),031-834-2140,,,,사설,0,미설치,미설치,미설치,미설치,미설치
경기도,안산시 단원구,와동꽃빛공원 자연장지,경기도 안산시 단원구 순환로 390 (와동),031-481-3359,031-481-6661,,100,공설,2492,설치,설치,설치,미설치,미설치
경기도,용인시,용인로뎀파크,"경기도 용인시 처인구 양지면 한터로 432-16 (대대리, 용인로뎀파크교회)",031-321-4477,,www.rodempark.com,,사설,1700,미설치,미설치,미설치,미설치,미설치
경기도,용인시,용인평온의숲 예정원,"경기도 용인시 처인구 이동면 평온의숲로 77 (어비리, 용인평온의숲)",031-329-5900,031-329-5904,www.tranquil-forest.or.kr,661,공설,11928,설치,설치,설치,설치,미설치
경기도,안성시,우성공원묘원(자연장지),"경기도 안성시 일죽면 화곡길 158 (화곡리, 우성공원묘원)",031-672-5008,,www.wspark.co.kr,,사설,1625,미설치,미설치,미설치,미설치,미설치
경기도,안성시,유토피아수목장,"경기도 안성시 일죽면 화곡길 130 (화곡리, 유토피아추모관)",031-673-7904,031-674-7904,www.goutopia.co.kr,500,사설,20000,설치,설치,설치,설치,설치
경기도,안성시,유토피아추모공원(자연장지),경기도 안성시 일죽면 화곡길 93 (화곡리),031-673-7904,031-674-7904,,68,사설,17000,미설치,미설치,설치,설치,미설치
경기도,의왕시,의왕하늘쉼터 자연장지,경기도 의왕시 오매기백운산길 41-57 (오전동),031-345-2831,031-345-2839,www.uiwang.go.kr/UWKORWEL0901,26,공설,2800,미설치,미설치,설치,미설치,미설치
경기도,이천시,이천시립 자연장지,경기도 이천시 부발읍 황무로1719번길 189 (죽당리),031-631-3578,,www.2000fmc.or.kr,60,공설,10000,미설치,미설치,설치,설치,설치
경기도,고양시 일산동구,일산공감수목장(봉화사),경기도 고양시 일산동구 지영로194번길 132 (지영동),031-975-4587,,www.일산공감수목장.com,80,사설,20000,미설치,미설치,설치,설치,미설치
경기도,고양시,자연애숲(다니엘교회),경기도 고양시 일산동구 지영로194번길 135 (지영동),031-977-9915,,,48,사설,0,미설치,미설치,설치,설치,미설치
경기도,남양주시,재단법인북한강공원 자연장지,"경기도 남양주시 화도읍 모꼬지로17번길 202 (구암리, 북한강공원)",031-592-0081,,www.bhgpark.co.kr,0,사설,0,미설치,미설치,설치,미설치,미설치
경기도,시흥시,정왕공설자연장지,경기도 시흥시 정왕동 산2-1,031-310-2264,,,10,공설,2015,미설치,미설치,설치,미설치,미설치
경기도,광주시,중대공원자연장지,경기도 광주시 순암로 192 (중대동),031-762-0383,031-762-0382,www.gumc.or.kr/business/park,60,공설,4578,미설치,설치,설치,미설치,미설치
경기도,연천군,중앙추모공원,경기도 연천군 미산면 마유로 58-38 (백석리),031-833-7737,031-835-7737,www.하늘길.com,50,사설,0,미설치,미설치,설치,설치,미설치
경기도,광주시,중흥교회 자연장(남서울가족공원),경기도 광주시 곤지암읍 가마을길 83-14 (오향리),031-764-4680,,www.남서울가족공원.com,100,사설,208,미설치,미설치,설치,설치,설치
경기도,광주시,중흥교회복지선교회,경기도 광주시 곤지암읍 오향리 10-14,031-764-4005,,xn--o39a5rx2gntwftggen5j.com/,100,사설,20000,미설치,미설치,설치,설치,설치
경기도,용인시,천주교인보성체수도회,"경기도 용인시 처인구 포곡읍 백옥대로1832번길 68 (삼계리, 수녀원)",031-339-9025,,,,사설,0,미설치,미설치,미설치,미설치,미설치
경기도,김포시,청솔수목장,경기도 김포시 월곶면 애기봉로409번길 82-11 (개곡리),031-1899-4266,,www.chungsol.net,30,사설,0,미설치,미설치,설치,설치,미설치
경기도,광주시,충현공원 자연장지,경기도 광주시 용샘길 115-25 (목현동),031-764-9617,,www.충현교회.net,100,사설,4320,설치,미설치,설치,설치,설치
경기도,양주시,하늘소풍수목장(호산나교회),경기도 양주시 평화로1261번길 372-74 (산북동),031-1577-8195,031-856-4455,haneulsopung.co.kr,100,사설,5000,미설치,미설치,설치,설치,미설치
경기도,양평군,하이패밀리 자연장지,경기도 양평군 서종면 도장리 산32,031-772-3223,,,,사설,3000,미설치,미설치,미설치,미설치,미설치
경기도,화성시,화성나래원 수목장,경기도 화성시 만세구 팔탄면 온천로 280-6 (덕천리),031-352-7214,,hwaseongsumokjang.com/,20,사설,1200,미설치,미설치,설치,미설치,미설치
경기도,화성시,화성하늘공원 수목장림,경기도 화성시 만세구 장안면 포승장안로 1035 (장안리),031-351-4440,,hwaseongsoop.com/,14,사설,0,미설치,미설치,설치,설치,미설치
경기도,화성시,화성함백산추모공원 바람마루,경기도 화성시 효행구 매송면 서해로 2448-32 (숙곡리),031-240-9200,031-240-9277,,,공설,0,미설치,미설치,설치,미설치,미설치
강원특별자치도,철원군,(재)목련공원묘원 자연장지,"강원특별자치도 철원군 서면 싸리골길 133 (자등리, 목련공원)",033-458-4444,,,0,사설,0,미설치,미설치,미설치,미설치,미설치
강원특별자치도,춘천시,(주)광림공원 동산공원묘원(자연장),"강원특별자치도 춘천시 동산면 종자리로 331-50 (군자리, 춘천시공설묘원)",033-263-9446,,www.dongsanpark.co.kr,,사설,0,미설치,미설치,미설치,미설치,미설치
강원특별자치도,횡성군,길상사 수목장림,강원특별자치도 횡성군 서원면 양서동로 377 (석화리),031-771-7319,,www.하늘길수목장.com,20,사설,0,미설치,미설치,설치,설치,미설치
강원특별자치도,홍천군,도심리교회 하늘로공원,강원특별자치도 홍천군 화촌면 도심리길 196 (구성포리),033-433-3321,,,,사설,0,미설치,미설치,미설치,미설치,미설치
강원특별자치도,동해시,동해시하늘정원자연장지,"강원특별자치도 동해시 강원남부로 4589 (단봉동, 동해시하늘정원)",033-530-2796,033-530-2735,,,공설,4800,미설치,미설치,설치,미설치,미설치
강원특별자치도,횡성군,반포교회 수목장림,강원특별자치도 횡성군 갑천면 상대리 산191,02-599-1449,,,,사설,0,미설치,미설치,미설치,미설치,미설치
강원특별자치도,홍천군,사모보궁자연장,강원특별자치도 홍천군 두촌면 한계길 23-11 (철정리),033-436-1414,,,,사설,500,미설치,미설치,미설치,미설치,미설치
강원특별자치도,삼척시,삼척시추모공원 자연장,강원특별자치도 삼척시 강원남부로 4540 (등봉동),033-574-7912,,www.samcheok.go.kr/memorial,200,공설,7247,설치,미설치,설치,미설치,설치
강원특별자치도,철원군,성도장로교회 자연장지,강원특별자치도 철원군 서면 싸리골길 79-1 (자등리),033-458-1907,,,,사설,0,미설치,미설치,미설치,미설치,미설치
강원특별자치도,강릉시,성모자애공원,강원특별자치도 강릉시 주문진읍 주문리 산44-15,033-662-9115,,,,사설,120,미설치,미설치,미설치,미설치,미설치
강원특별자치도,양구군,양구봉안공원 자연장지,강원특별자치도 양구군 양구읍 금강산로 518-40 (하리),033-480-2577,,,30,공설,1500,미설치,미설치,설치,미설치,미설치
강원특별자치도,영월군,영월중앙감리교회 자연장지,강원특별자치도 영월군 영월읍 하송로 112 (하송리),033-374-4891,033-374-4891,,,사설,0,미설치,미설치,미설치,미설치,미설치
강원특별자치도,영월군,원주제일교회 자연장지,강원특별자치도 영월군 주천면 신일리 산253,033-742-2170,,,,사설,140,미설치,미설치,미설치,미설치,미설치
강원특별자치도,횡성군,원주중부교회자연장지,강원특별자치도 횡성군 안흥면 소사리  511-5 ,033-744-2760,,,,사설,0,미설치,미설치,미설치,미설치,미설치
강원특별자치도,춘천시,일심정사 수목장림,강원특별자치도 춘천시 남산면 김유정로 427-28 (광판리),,,,,사설,0,미설치,미설치,미설치,미설치,미설치
강원특별자치도,춘천시,일월사추모공원(자연장지),강원특별자치도 춘천시 남산면 봉의텃골길 149-10 (행촌리),033-243-3654,,,,사설,0,미설치,미설치,미설치,미설치,미설치
강원특별자치도,양양군,자연으로추모정원,강원특별자치도 양양군 현남면 매호길 273 (후포매리),033-671-6279,,,30,사설,2000,설치,미설치,설치,설치,미설치
강원특별자치도,홍천군,천봉사 자연장지,강원특별자치도 홍천군 서면 팔봉산로 118 (대곡리),033-435-8941,,chunbongsasumok.com,,사설,3000,미설치,미설치,미설치,미설치,미설치
강원특별자치도,강릉시,청솔공원 자연장지,강원특별자치도 강릉시 사천면 석교리 산162,033-660-3857,,https://www.gn.go.kr/www/contents.do?key=1169,,공설,1826,설치,설치,설치,설치,미설치
강원특별자치도,춘천시,춘천안식공원 잔디장,"강원특별자치도 춘천시 동산면 종자리로 331-50 (군자리, 춘천시공설묘원)",033-261-7314,033-261-7315,,10,공설,16447,설치,설치,설치,설치,설치
강원특별자치도,태백시,태백공원묘원 자연장지,"강원특별자치도 태백시 백두대간로 844 (창죽동, 태백공동묘지)",033-550-2844,033-550-2961,,,공설,2000,미설치,미설치,설치,미설치,미설치
강원특별자치도,홍천군,팔봉사 더유일추모공원,강원특별자치도 홍천군 홍천읍 큰골길 295-14 (갈마곡리),033-435-8804,,,0,사설,0,미설치,미설치,미설치,미설치,미설치
강원특별자치도,홍천군,홍천군 추모공원 자연장지,강원특별자치도 홍천군 홍천읍 하오안리 산130-1,033-430-2106,,,100,공설,25945,설치,설치,설치,설치,설치
강원특별자치도,화천군,화천공원묘원 자연장지,"강원특별자치도 화천군 하남면 영서로 5697-66 (원천리, 화천장례식장)",033-440-2316,,,,공설,705,미설치,미설치,미설치,미설치,미설치
강원특별자치도,횡성군,횡성군공설자연장지,강원특별자치도 횡성군 갑천면 태기로구방8길 132 (구방리),033-340-2904,033-340-2552,,,공설,0,미설치,미설치,미설치,미설치,미설치
충청북도,보은군,결초보은 추모공원(자연장지),충청북도 보은군 보은읍 속리산로 37 (누청리),043-542-1232,043-540-3809,,80,공설,18339,미설치,미설치,설치,설치,미설치
충청북도,음성군,다래원자연장지,충청북도 음성군 생극면 오신로445번길 77 (신양리),043-883-4449,,,,사설,0,미설치,미설치,미설치,미설치,미설치
충청북도,충주시,동서울교회 자연장지,충청북도 충주시 소태면 구룡고개길 152 (주치리),02-463-8885,,,,사설,0,미설치,미설치,미설치,미설치,미설치
충청북도,청주시 상당구,석화사 자연장지,충청북도 청주시 상당구 미원면 내산1길 91-37 (내산리),,,,,사설,0,미설치,미설치,미설치,미설치,미설치
충청북도,영동군,선불교자연장지,충청북도 영동군 심천면 마곡리 185-3,043-745-7820,,,,사설,0,미설치,미설치,미설치,미설치,미설치
충청북도,음성군,수원제일교회 자연장지,충청북도 음성군 음성읍 초천리 산129-1,031-244-1004,,,,사설,0,미설치,미설치,미설치,미설치,미설치
충청북도,옥천군,옥천군공설자연장지,충청북도 옥천군 군서면 월전리 산19-1,043-730-3323,,,,공설,0,미설치,미설치,미설치,미설치,미설치
충청북도,옥천군,옥천성당요셉공원,충청북도 옥천군 옥천읍 중앙로 91 (삼양리),043-731-9981,,,100,사설,0,설치,설치,설치,설치,설치
충청북도,진천군,원각사 자연장지,충청북도 진천군 백곡면 양백리 산72-5,,,,,사설,0,미설치,미설치,미설치,미설치,미설치
충청북도,청주시,정음사원추모관,충청북도 청주시 서원구 3순환로644번길 33 (죽림동),043-233-0924,,,,사설,50,미설치,미설치,미설치,미설치,미설치
충청북도,제천시,제천시영원한쉼터 자연장지,충청북도 제천시 송학면 송학주천로9길 122 (포전리),043-644-6613,043-642-0240,www.okjc.net/welfare/contents.do?key=771,150,공설,7000,미설치,설치,설치,설치,설치
충청북도,진천군,진천군 자연장지,충청북도 진천군 진천읍 장관리 758-3번지 일원,043-539-3396,043-537-0462,,,공설,0,미설치,미설치,미설치,미설치,미설치
충청북도,청주시 상당구,청주성요셉공원 자연장지,"충청북도 청주시 상당구 가덕면 병암길 35-52 (시동리, 성당)",043-298-5880,,,,사설,0,미설치,미설치,미설치,미설치,미설치
충청북도,청주시,청주시목련공원자연장,"충청북도 청주시 상당구 목련로 731 (월오동, 목련공원)",043-270-8578,043-201-1948,,181,공설,5937,설치,설치,설치,설치,미설치
충청북도,청주시,평안교회 자연장지,충청북도 청주시 서원구 남이면 구암리 산15-14,,,,,사설,0,미설치,미설치,미설치,미설치,미설치
충청남도,서천군,(재)대전교구천주교회 서천자연장지,충청남도 서천군 문산면 수암리 산77,041-952-4460,,,,사설,0,미설치,미설치,미설치,미설치,미설치
충청남도,공주시,(재)성모성심수도회 자연장지,충청남도 공주시 신풍면 봉갑리 356-15,041-841-1135,,,0,사설,0,미설치,미설치,미설치,미설치,미설치
충청남도,부여군,(재)영호추모공원 매화동산,충청남도 부여군 세도면 해촌로63번길 43-9 (수고리),041-832-7004,,,0,사설,0,미설치,미설치,미설치,미설치,미설치
충청남도,서산시,경인침례교회 자연장지,충청남도 서산시 지곡면 산성리 1-2,032-571-0028,,,0,사설,0,미설치,미설치,미설치,미설치,미설치
충청남도,공주시,공주나래원 자연장지,"충청남도 공주시 이인면 삼배실길 70 (운암리, 나래원)",041-840-8980,,https://www.gongju.go.kr/naraewon/sub02_04.do,297,공설,3340,설치,설치,설치,설치,설치
충청남도,보령시,국립기억의숲,충청남도 보령시 성주면 개화리 산41,041-402-7100,,www.wbf.or.kr,,공설,0,미설치,미설치,미설치,미설치,미설치
충청남도,당진시,남부권공설묘지 자연장지,충청남도 당진시 신평면 상오로 31 (상오리),041-350-3736,041-362-7387,,,공설,6700,설치,미설치,미설치,미설치,미설치
충청남도,당진시,대호지공설묘지 자연장지,"충청남도 당진시 대호지면 봉선길 123 (장정리, 어성정공동묘지)",041-350-3044,,https://www.law.go.kr/자치법규/당진시장사시설등의설치및관리조례/,,공설,0,미설치,미설치,미설치,미설치,미설치
충청남도,보령시,보령시모란공원 자연장,"충청남도 보령시 성주면 만수로 695-14 (개화리, 모란공원사무실)",041-933-5671,,www.brsisul.or.kr/kor/sub01_03_01.do,,공설,3000,설치,설치,설치,미설치,설치
충청남도,보령시,분당소망교회 보령동산,충청남도 보령시 오천면 교성리 339-12,031-709-1004,,,,사설,0,미설치,미설치,미설치,미설치,미설치
충청남도,서산시,서산시 희망공원(자연장지),충청남도 서산시 인지면 무학재2길 106 (산동리),041-660-2719,041-669-2719,,,공설,22534,미설치,미설치,설치,설치,미설치
충청남도,당진시,석문공설묘지 자연장지,"충청남도 당진시 석문면 통정1길 86-38 (삼화리, 공설묘지관리사)",041-353-5944,041-353-5944,,,공설,0,미설치,미설치,미설치,미설치,미설치
충청남도,공주시,성공사 수목장림,충청남도 공주시 우성면 방문리 1022-2,041-853-3355,,,0,사설,0,미설치,미설치,미설치,미설치,미설치
충청남도,아산시,아산시공설자연장지,충청남도 아산시 송악면 외암로 30-30 (거산리),041-538-1940,,,,공설,0,미설치,미설치,미설치,미설치,미설치
충청남도,계룡시,재단법인 아너스홈,충청남도 계룡시 두마면 제1산단로 132 (입암리),042-585-0536,,,,사설,0,미설치,미설치,미설치,미설치,미설치
충청남도,공주시,정안수목장,충청남도 공주시 정안면 차령고개로 17-57 (사현리),041-854-0855,,www.정안수목장.kr,150,사설,150,설치,설치,설치,설치,설치
충청남도,태안군,천주교태안교회 공원묘지,충청남도 태안군 태안읍 터널길 26-13 (동문리),041-674-1004,,,,사설,160,미설치,미설치,설치,미설치,미설치
충청남도,예산군,향천사 수목장,"충청남도 예산군 예산읍 향천사로 117-20 (향천리, 금오산향천사)",041-335-3556,,,0,사설,0,미설치,미설치,미설치,미설치,미설치
전북특별자치도,김제시,(사)바울선교회 자연장지,전북특별자치도 김제시 만경읍 화포리 543-1,063-254-8418,,,,사설,0,미설치,미설치,미설치,미설치,미설치
전북특별자치도,김제시,(재)지평선전북공원묘원(자연),전북특별자치도 김제시 금구면 선암1길 290 (선암리),063-546-5011,,blog.naver.com/jb09002 ,100,사설,1300,미설치,미설치,설치,설치,미설치
전북특별자치도,완주군,(재)호정공원(자연장),전북특별자치도 완주군 화산면 운곡로 381-64 (운곡리),063-214-1009,,www.hjcloud9.com/,480,사설,33833,미설치,미설치,설치,설치,설치
전북특별자치도,임실군,경각산 수목장,전북특별자치도 임실군 신덕면 불재로 622 (신덕리),063-643-0405,,,100,사설,6000,미설치,미설치,설치,설치,미설치
전북특별자치도,고창군,고창푸른숲자연장,"전북특별자치도 고창군 신림면 왕림로 94-54 (세곡리, 고창푸른숲자연장관리사무소)",063-564-7852,063-564-7853,www.gochangpj.kr,244,공설,6922,미설치,미설치,설치,미설치,미설치
전북특별자치도,남원시,남원동북교회 자연장지,전북특별자치도 남원시 용정동 447-12,063-626-9191,,,0,사설,0,미설치,미설치,미설치,미설치,미설치
전북특별자치도,남원시,남원시추모공원,전북특별자치도 남원시 솔터길 40-36 (광치동),063-620-5730,,,,공설,3580,미설치,미설치,미설치,미설치,미설치
전북특별자치도,전주시 완산구,대한예수교장로회 효자수목원,"전북특별자치도 전주시 완산구 콩쥐팥쥐로 1705-31 (효자동3가, 효자추모관)",063-228-6811,,www.hyojas.com/,100,사설,2570,미설치,미설치,설치,설치,설치
전북특별자치도,고창군,무장녹두숲자연장,전북특별자치도 고창군 무장면 반송길 12 (고라리),063-564-6864,063-560-2299,WWW.무장녹두숲자연장.kr,300,공설,4050,미설치,미설치,설치,미설치,설치
전북특별자치도,무주군,무주추모의집 자연장지,"전북특별자치도 무주군 무주읍 괴목로 1359-72 (당산리, 무주추모의집)",063-322-2302,063-322-2390,,,공설,3082,미설치,미설치,설치,미설치,미설치
전북특별자치도,진안군,사랑하는 우리교회 자연장지,전북특별자치도 진안군 정천면 월평리 219-3,063-275-7767,,,0,사설,0,미설치,미설치,미설치,미설치,미설치
전북특별자치도,정읍시,서남권추모공원 자연장지,전북특별자치도 정읍시 감곡면 정읍북로 1850 (통석리),063-539-6725,063-538-6517,,10,공설,4000,설치,설치,설치,설치,설치
전북특별자치도,정읍시,서남권추모공원 제2자연장지,전북특별자치도 정읍시 감곡면 정읍북로 1850 (통석리),063-539-6725,063-538-6517,,,공설,0,미설치,미설치,미설치,미설치,미설치
전북특별자치도,순창군,순창성당자연장지,"전북특별자치도 순창군 순창읍 순창로 247 (남계리, 순창천주교회)",063-652-1004,,,0,사설,0,미설치,미설치,미설치,미설치,미설치
전북특별자치도,전주시 완산구,에덴의정원 수목장,전북특별자치도 전주시 완산구 콩쥐팥쥐로 1705-62 (효자동3가),063-226-0107,,www.eden-jungwon.co.kr,22,사설,12000,미설치,미설치,설치,설치,설치
전북특별자치도,익산시,영모묘원 자연장지,"전북특별자치도 익산시 왕궁면 호반로 173-45 (동봉리, 영모묘원납골당)",063-836-4311,,,1000,사설,33334,설치,미설치,설치,설치,설치
전북특별자치도,완주군,완주군 자연추모동산,전북특별자치도 완주군 봉동읍 우주로 270-68 (구암리),063-290-2207,,,10,공설,1879,미설치,미설치,설치,미설치,미설치
전북특별자치도,익산시,익산하늘공원 제2자연장지,"전북특별자치도 익산시 무왕로 1471-63 (석왕동, 익산공원묘지)",063-859-3840,063-859-3868,,,공설,0,미설치,미설치,미설치,미설치,미설치
전북특별자치도,익산시,익산하늘공원자연장지,"전북특별자치도 익산시 무왕로 1471-63 (석왕동, 익산공원묘지)",063-859-3840,063-859-3868,,10,공설,3947,미설치,미설치,설치,미설치,미설치
전북특별자치도,전주시 완산구,전주효자자연장,"전북특별자치도 전주시 완산구 콩쥐팥쥐로 1705-138 (효자동3가, 전주승화원)",063-239-2690,,,10,공설,4200,설치,설치,설치,설치,설치
전북특별자치도,전주시,하늘정원,전북특별자치도 전주시 완산구 콩쥐팥쥐로 1705-62 (효자동3가),063-221-4446,063-221-4447,,,사설,0,미설치,미설치,미설치,미설치,미설치
전북특별자치도,고창군,홍연암 자연장지,전북특별자치도 고창군 고수면 신기길 34 (은사리),063-563-3787,,,,사설,0,미설치,미설치,미설치,미설치,미설치
전라남도,곡성군,(재)아름다운 청계공원 자연장지,전라남도 곡성군 곡성읍 청계동로 457 (신기리),061-362-1199,,https://061-362-1199.ezbuilder.co.kr/,,사설,0,미설치,미설치,미설치,미설치,미설치
전라남도,고흥군,고흥군립하늘공원 자연장,전라남도 고흥군 고흥읍 호형리 399,061-830-5643,061-830-5880,https://www.law.go.kr/자치법규/고흥군립하늘공원설치및운영조례,,공설,0,미설치,미설치,미설치,미설치,미설치
전라남도,광양시,광양시립영세공원 자연장지,전라남도 광양시 광양읍 직동1길 300 (죽림리),061-762-4449,061-762-4494,cemetery.gwangyang.go.kr/pr/info/nature,,공설,12000,미설치,미설치,설치,설치,미설치
전라남도,구례군,구례군 공설자연장지,"전라남도 구례군 마산면 당몰샘로 129-49 (사도리, 구례군자연장지관리사무소)",061-782-7712,061-782-7714,,20,공설,8500,미설치,미설치,설치,설치,미설치
전라남도,해남군,남도광역추모공원(자연장),전라남도 해남군 황산면 호교길 241-250 (일신리),061-530-5141,061-530-5582,https://www.law.go.kr/자치법규/해남군남도광역추모공원의설치및운영조례/,,공설,0,미설치,미설치,미설치,미설치,미설치
전라남도,보성군,늘푸른수목장,전라남도 보성군 노동면 평동로 877-14 (옥마리),061-852-7879,,www.nllpoorn.com,50,사설,0,미설치,미설치,설치,설치,미설치
전라남도,보성군,대한불교조계종 대원사,전라남도 보성군 문덕면 죽산길 506-8 (죽산리),061-852-1755,,,100,사설,60,미설치,미설치,설치,미설치,미설치
전라남도,함평군,대한불교조계종 용천사,전라남도 함평군 해보면 광암리 409,061-322-1445,,https://www.용천사자연수목장.com,100,사설,700,설치,미설치,설치,설치,설치
전라남도,함평군,대한예수교장로회 함평교회,전라남도 함평군 함평읍 장년리 86-3,061-324-1324,,,5,사설,300,미설치,미설치,설치,미설치,미설치
전라남도,함평군,대한예수장로회 아름기도회 자연장지,"전라남도 함평군 대동면 고막천로 1137 (금곡리, 아름기도회묘지관련시설)",062-433-9191,,www.kcck.co.kr,10,사설,2000,미설치,미설치,설치,설치,미설치
전라남도,영암군,목포남부교회 남부소망동산,전라남도 영암군 학산면 신덕리 3-6,061-244-4043,,,,사설,0,미설치,미설치,미설치,미설치,미설치
전라남도,무안군,목포중앙교회 자연장지,전라남도 무안군 청계면 남성리 90,,,,,사설,0,미설치,미설치,미설치,미설치,미설치
전라남도,장성군,백양사 수목장,"전라남도 장성군 북하면 백양로 1239 (약수리, 백양사)",061-392-2304,,www.백양사수목장.com,100,사설,0,설치,설치,설치,설치,미설치
전라남도,순천시,베다니수목장,전라남도 순천시 서면 압곡리 156-2,061-744-7915,,,,사설,0,미설치,미설치,미설치,미설치,미설치
전라남도,진도군,보배숲추모공원(군립),"전라남도 진도군 진도읍 진도대로 7363-110 (동외리, 관리사무소)",061-544-6101,,,,공설,0,미설치,미설치,미설치,미설치,미설치
전라남도,진도군,보배숲추모공원(산림조합),"전라남도 진도군 진도읍 진도대로 7363-110 (동외리, 관리사무소)",061-544-6101,061-544-6105,jindo.nfcf.or.kr,100,사설,3000,설치,설치,설치,설치,미설치
전라남도,함평군,사랑의빛교회 천제모동산,전라남도 함평군 손불면 석창리 637-16,062-371-9206,,,,사설,0,미설치,미설치,미설치,미설치,미설치
전라남도,완도군,수향사 추모공원,"전라남도 완도군 고금면 고금로 667-105 (덕암리, 수향사)",--,,,0,사설,0,미설치,미설치,미설치,미설치,미설치
전라남도,순천시,순천시립자연장지,전라남도 순천시 용수동길 920 (삼거동),061-749-4520,061-749-4520,www.suncheon.go.kr,,공설,3000,미설치,미설치,미설치,미설치,미설치
전라남도,함평군,실상산문종실상선원자연장,전라남도 함평군 대동면 운교리 산 79-10,02-222-5555,,,,사설,0,미설치,미설치,미설치,미설치,미설치
전라남도,신안군,압해중앙동산,전라남도 신안군 압해읍 신용리 산34,061-271-9201,061-271-9202,,,사설,0,미설치,미설치,미설치,미설치,미설치
전라남도,여수시,여수시영락공원 자연장지(수목·잔디),"전라남도 여수시 소라면 의곡길 494 (봉두리, 영락공원)",061-659-1795,,yeosu.go.kr,,공설,2664,미설치,미설치,설치,미설치,미설치
전라남도,영광군,영광군 공설추모공원 자연장지,전라남도 영광군 군남면 광암로 174,061-351-9870,061-351-9875,,,공설,0,미설치,미설치,미설치,미설치,미설치
전라남도,담양군,오룡군립묘원 자연장지,전라남도 담양군 무정면 오룡리 산29,061-380-3384,,www.damyang.go.kr,50,공설,800,미설치,미설치,설치,설치,미설치
전라남도,보성군,옥마기도회,전라남도 보성군 노동면 평동로 877-14 (옥마리),061-852-7811,,,50,사설,100,미설치,미설치,설치,미설치,미설치
전라남도,완도군,완도군추모공원 자연장지(수목·잔디),전라남도 완도군 군외면 청해진서로 1702 (삼두리),061-550-5322,,,57,공설,328,설치,설치,설치,설치,미설치
전라남도,완도군,완도안디옥교회 자연장지,전라남도 완도군 군외면 당인리 429-1,061-554-1004,,,,사설,0,미설치,미설치,미설치,미설치,미설치
전라남도,순천시,원산교회 자연장지,전라남도 순천시 별량면 죽산리 158,061-742-5568,,,0,사설,0,미설치,미설치,미설치,미설치,미설치
전라남도,장성군,자연숲추모공원 수목장림,전라남도 장성군 삼계면 영장로 900-53 (부성리),061-395-2040,061-395-2054,jangseong.nfcf.or.kr,100,사설,13760,미설치,미설치,설치,설치,미설치
전라남도,장흥군,장흥공설자연장지,"전라남도 장흥군 장흥읍 금산신기길 131 (금산리, 공원묘지관리실)",061-860-5864,,,30,공설,0,미설치,미설치,설치,미설치,미설치
전라남도,무안군,지구촌교회 자연장지,전라남도 무안군 몽탄면 달산리 산257-17 ,,,,,사설,0,미설치,미설치,미설치,미설치,미설치
전라남도,함평군,한국기독교장로회함평읍교회,전라남도 함평군 손불면 석창리 88-17,061-323-9191,,,,사설,0,미설치,미설치,미설치,미설치,미설치
전라남도,함평군,함평중앙교회 부활동산,전라남도 함평군 함평읍 옥산리 242-9,061-324-2369,,,,사설,0,미설치,미설치,미설치,미설치,미설치
경상북도,성주군,(재)남양공원묘원 자연장지,경상북도 성주군 선남면 관용로 401-41 (오도리),054-932-4444,,,,사설,0,미설치,미설치,미설치,미설치,미설치
경상북도,성주군,(재)우성공원묘원 자연장지,"경상북도 성주군 선남면 관용로 470-54 (용신리, 우성공원사무소)",054-933-4774,,woosungpark.com,900,사설,0,미설치,미설치,미설치,미설치,미설치
경상북도,영천시,개원추모공원 자연장지,경상북도 영천시 신녕면 장수로 2238-9 (화남리),054-336-0992,,www.gwpark.net/,,사설,0,미설치,미설치,미설치,미설치,미설치
경상북도,경주시,경주하늘수목장림,경상북도 경주시 건천읍 하늘마루길 274 (용명리),054-753-3535,,,50,사설,23928,미설치,미설치,설치,설치,설치
경상북도,김천시,기독교대한감리회 애향숙,경상북도 김천시 어모면 용문산길 588-20 (능치리),054-435-5810,,,,사설,0,미설치,미설치,미설치,미설치,미설치
경상북도,김천시,김천시립추모공원(자연장지),경상북도 김천시 봉산면 영남대로 431 (신암리),054-421-1621,054-437-1820,https://www.gcfmc.or.kr/gc_memorialpark/main.tc,307,공설,307,설치,미설치,설치,설치,미설치
경상북도,칠곡군,남흥교회 자연장지,경상북도 칠곡군 가산면 송학리 산15-5,053-474-6711,053-474-6712,,,사설,0,미설치,미설치,미설치,미설치,미설치
경상북도,경주시,늘푸른교회,경상북도 경주시 강동면 단구리 산31-3,053-752-5269,,,0,사설,0,미설치,미설치,미설치,미설치,미설치
경상북도,고령군,대구남덕교회부활동산,경상북도 고령군 성산면 사부리 산131,054-950-6213,,www.namduk.org/,30,사설,1000,미설치,미설치,설치,미설치,미설치
경상북도,청도군,대성교회 자연장지,경상북도 청도군 화양읍 고평리 산19-3 ,054-371-2836,,lovejoy.org,5,사설,500,미설치,미설치,설치,미설치,미설치
경상북도,경주시,대원사추모공원 자연장지,"경상북도 경주시 양남면 명주길 864-5 (효동리, 대원사)",054-743-1945,,www.daeonesa.com,,사설,0,설치,미설치,설치,설치,설치
경상북도,안동시,대한불교조계종세심사 상락향수목장림,경상북도 안동시 와룡면 선돌길 112-55 (가구리),054-857-1900,,,50,사설,300,미설치,미설치,설치,설치,미설치
경상북도,경주시,무일선원 수목장림,"경상북도 경주시 감포읍 회곡길 127 (대본리, 관음사)",054-753-8228,,,,사설,0,미설치,미설치,미설치,미설치,미설치
경상북도,성주군,삼광사추모공원 자연장지,"경상북도 성주군 월항면 지산로 208 (지방리, 삼광사)",054-971-5669,,,200,사설,300,설치,미설치,설치,미설치,미설치
경상북도,영덕군,삼사교회 자연장지,경상북도 영덕군 강구면 삼사리 457,054-733-4588,,,,사설,0,미설치,미설치,미설치,미설치,미설치
경상북도,경주시,용주사 자연장지,경상북도 경주시 서면 하늘마루길 328 (도리),054-753-5678,,https://yongjusa.com/,,사설,0,미설치,미설치,설치,설치,미설치
경상북도,울릉군,울릉하늘섬공원 자연장지,경상북도 울릉군 서면 태하령길 314 (남서리),054-791-1888,,,,공설,0,미설치,미설치,미설치,미설치,미설치
경상북도,울진군,울진군립추모원(자연장지),경상북도 울진군 울진읍 대흥신림로 1046-280 (신림리),054-789-6109,054-789-3640,,52,공설,0,미설치,미설치,설치,미설치,미설치
경상북도,포항시,원진사지장회수목장,경상북도 포항시 남구 동해면 금광로438번길 108 (신정리),054-274-9443,,,,사설,300,미설치,미설치,미설치,미설치,미설치
경상북도,영천시,은해사 자연장지,"경상북도 영천시 청통면 은해사로 300 (치일리, 은해사)",054-335-0566,,,200,사설,0,미설치,미설치,설치,설치,미설치
경상북도,의성군,의성군 천제공원(수목·잔디),경상북도 의성군 의성읍 의성길안로 287-29 (중리리),054-830-6167 ,054-833-6167,,,공설,4929,미설치,미설치,설치,미설치,미설치
경상북도,영천시,일승종개원사 자연장지,경상북도 영천시 신녕면 장수로 2238-28 (화남리),000-000-0000,000-000-0000,,,사설,0,미설치,미설치,미설치,미설치,미설치
경상북도,영천시,죽림사 자연장지,"경상북도 영천시 금호읍 죽방길 279-57 (봉죽리, 죽림사)",054-334-1261,,,,사설,0,미설치,미설치,미설치,미설치,미설치
경상북도,김천시,천주교 김천공원묘원,경상북도 김천시 개령면 황계길 280-41 (황계리),054-433-3880,,,,사설,0,미설치,미설치,미설치,미설치,미설치
경상북도,고령군,합동다산교회 자연장지,경상북도 고령군 성산면 기족리 산 14-4,,,,,사설,0,미설치,미설치,미설치,미설치,미설치
경상북도,김천시,황금동교회 자연장지,경상북도 김천시 양천동 1153-5,054-432-5775,,,,사설,0,미설치,미설치,미설치,미설치,미설치
경상남도,밀양시,(재)만어추모공원 수목장,경상남도 밀양시 삼랑진읍 단장로 439 (우곡리),055-356-4979,055-356-4939,www.maneopark.com,100,사설,0,설치,설치,설치,설치,미설치
경상남도,남해군,고사자연장지,경상남도 남해군 설천면 진목리 산78-2,,,,,공설,0,미설치,미설치,미설치,미설치,미설치
경상남도,남해군,남해추모누리공원 자연장지,"경상남도 남해군 서면 연죽로 46-77 (연죽리, 남해공설종합묘원추모누리)",055-860-3681,055-860-3882,www.namhae.go.kr/welfare/Index.do?c=WL0601010000,50,공설,6000,설치,설치,설치,설치,설치
경상남도,거제시,늘푸른수목장(청광사),경상남도 거제시 사등면 지석로 216 (지석리),,,blog.naver.com/qkekcnrrnr,100,사설,1000,미설치,미설치,설치,설치,미설치
경상남도,고성군,대한불교조계종 계승사 극락원,경상남도 고성군 영현면 대법3길 236 (대법리),055-673-0281,055-673-0287,,15,사설,200,미설치,미설치,미설치,미설치,미설치
경상남도,사천시,사천시 누리원(자연장지),"경상남도 사천시 해안관광로 208-66 (송포동, 사천공설화장장)",055-831-4590,055-831-6529,https://www.youthsacheon.com/funeral_main.html,5,공설,20000,미설치,미설치,설치,미설치,미설치
경상남도,통영시,새소명교회동산,경상남도 통영시 도산면 도선리 산301-1,055-241-0278,,,,사설,0,미설치,미설치,미설치,미설치,미설치
경상남도,거제시,신광사 수목장,"경상남도 거제시 사등면 오량2길 108 (오량리, 신광사)",055-1855-0494,,shingwangsa.or.kr,100,사설,1000,설치,설치,설치,설치,미설치
경상남도,양산시,신불산추모공원 수목장지,"경상남도 양산시 어실로 602-1 (어곡동, 신불정사)",055-363-4666,055-363-0590,www.sbjs.kr/,55,사설,2318,미설치,미설치,설치,설치,미설치
경상남도,밀양시,여여정사 수목장,경상남도 밀양시 삼랑진읍 행곡1길 180-158 (행곡리),055-355-9247,,,,사설,1000,미설치,미설치,미설치,미설치,미설치
경상남도,고성군,올리베따노성베네딕도수도회,경상남도 고성군 대가면 송계1길 163-43 (송계리),055-674-1986,,,,사설,0,미설치,미설치,미설치,미설치,미설치
경상남도,거창군,웅양공설공원묘지,경상남도 거창군 웅양면 죽림리 산108,055-940-3892,,www.geochang.go.kr,,공설,525,미설치,미설치,미설치,미설치,미설치
경상남도,남해군,이동무림삼자자연장지,경상남도 남해군 이동면 무림리 산206,,,,,공설,0,미설치,미설치,미설치,미설치,미설치
경상남도,창원시 마산합포구,장수암 자연장지,"경상남도 창원시 마산합포구 구산면 원전1길 141 (심리, 장수암)",055-221-1510,,,100,사설,0,설치,미설치,설치,설치,설치
경상남도,밀양시,재단법인 효심추모관 자연장지,경상남도 밀양시 삼랑진읍 삼랑진로 605 (미전리),055-802-7091,,www.효심추모공원.com,120,사설,0,미설치,설치,설치,설치,설치
경상남도,거제시,저높은교회 자연장지,경상남도 거제시 삼거동 602,055-637-3439,,,,사설,0,미설치,미설치,미설치,미설치,미설치
경상남도,진주시,진주대광교회 자연장지,경상남도 진주시 대곡면 와룡리 50-1,055-761-6866,,,,사설,680,미설치,미설치,미설치,미설치,미설치
경상남도,진주시,진주제일교회 수목장,경상남도 진주시 일반성면 운천리 산96,055-757-3535,,,,사설,0,미설치,미설치,미설치,미설치,미설치
경상남도,밀양시,천불사 수목장,경상남도 밀양시 삼랑진읍 행곡3길 68-72 (행곡리),,,,,사설,0,미설치,미설치,미설치,미설치,미설치
경상남도,밀양시,천탑사 수목장(그린피아),경상남도 밀양시 삼랑진읍 화성길 13-47 (미전리),055-351-4440,,www.greenpiapark.co.kr,,사설,1800,미설치,미설치,설치,설치,미설치
경상남도,하동군,하늘동산 자연장지,경상남도 하동군 양보면 우복리 1078-3,055-882-9190,,,10,사설,0,미설치,미설치,미설치,미설치,미설치
경상남도,함안군,함안하늘공원(자연장지),"경상남도 함안군 가야읍 함마대로 1145 (사내리, 함안하늘공원)",055-585-7182,055-585-7185,hamanhaneul.or.kr/,90,공설,15000,미설치,미설치,설치,미설치,미설치
경상남도,함양군,함양공설자연장지,경상남도 함양군 함양읍 구룡리  749번지,055-960-4924,055-960-5728,,,공설,0,미설치,미설치,미설치,미설치,미설치
경상남도,함양군,함양하늘공원(자연장지),"경상남도 함양군 지곡면 함양로 2139-2 (마산리, 하늘공원)",055-964-0401,,www.parksky.co.kr/Guide/NaturalBurials.asp,,사설,0,설치,미설치,설치,미설치,미설치
경상남도,거창군,해인사 고불암수목장,경상남도 거창군 가북면 용암리 산154-4,055-934-0127,,,,사설,1000,설치,미설치,설치,설치,설치
경상남도,김해시,휴안추모공원,"경상남도 김해시 상동면 상동로 178-54 (우계리, 불조사)",055-724-4755,,,15,사설,500,설치,설치,설치,설치,설치
제주특별자치도,서귀포시,서귀포추모공원 자연장지,제주특별자치도 서귀포시 돈내코로 295-28 (상효동),064-732-1893,,www.jeju.go.kr/wel/burial/facInfo/chumo/cremationInfo.htm,,공설,4000,설치,설치,설치,설치,미설치
제주특별자치도,서귀포시,성산읍공설자연장지,제주특별자치도 서귀포시 성산읍 수산리 4711,064-760-4234,064-760-4209,,,공설,0,미설치,미설치,미설치,미설치,미설치
제주특별자치도,제주시,용강별숲공원(구 동부공설묘지),제주특별자치도 제주시 용강6길 366-1 (용강동),064-728-2562,064-728-2529,,,공설,0,미설치,미설치,미설치,미설치,미설치
제주특별자치도,제주시,제주시어승생한울누리공원,"제주특별자치도 제주시 산록북로 70 (연동, 어승생한울누리공원)",064-728-2565,,www.jeju.go.kr/wel/burial/facInfo/hanul.htm,,공설,15578,설치,설치,설치,설치,미설치
제주특별자치도,제주시,제주영락동산,제주특별자치도 제주시 구좌읍 덕천리 427-1,064-753-1231,064-757-5553,www.jejuyn.or.kr/main/sub.html?pageCode=47,,사설,6264,미설치,미설치,미설치,미설치,미설치
